sample_id,fault_site,workload,category,sa_value,observable,latency,fault_cycle,split,label
0,-1,alu_heavy,clean,-1,False,-1,120,val,0
1,-1,alu_heavy,clean,-1,False,-1,126,test,0
2,-1,alu_heavy,clean,-1,False,-1,133,test,0
3,-1,alu_heavy,clean,-1,False,-1,139,train,0
4,-1,alu_heavy,clean,-1,False,-1,146,train,0
5,-1,alu_heavy,clean,-1,False,-1,152,train,0
6,-1,alu_heavy,clean,-1,False,-1,159,val,0
7,-1,alu_heavy,clean,-1,False,-1,165,train,0
8,-1,alu_heavy,clean,-1,False,-1,172,test,0
9,-1,alu_heavy,clean,-1,False,-1,178,train,0
10,-1,alu_heavy,clean,-1,False,-1,185,train,0
11,-1,alu_heavy,clean,-1,False,-1,191,val,0
12,-1,alu_heavy,clean,-1,False,-1,198,val,0
13,-1,alu_heavy,clean,-1,False,-1,204,test,0
14,-1,alu_heavy,clean,-1,False,-1,211,val,0
15,-1,alu_heavy,clean,-1,False,-1,217,train,0
16,-1,alu_heavy,clean,-1,False,-1,224,train,0
17,-1,alu_heavy,clean,-1,False,-1,231,train,0
18,-1,alu_heavy,clean,-1,False,-1,237,train,0
19,-1,alu_heavy,clean,-1,False,-1,244,val,0
20,-1,alu_heavy,clean,-1,False,-1,250,train,0
21,-1,alu_heavy,clean,-1,False,-1,257,train,0
22,-1,alu_heavy,clean,-1,False,-1,263,val,0
23,-1,alu_heavy,clean,-1,False,-1,270,train,0
24,-1,alu_heavy,clean,-1,False,-1,276,train,0
25,-1,alu_heavy,clean,-1,False,-1,283,train,0
26,-1,alu_heavy,clean,-1,False,-1,289,train,0
27,-1,alu_heavy,clean,-1,False,-1,296,train,0
28,-1,alu_heavy,clean,-1,False,-1,302,train,0
29,-1,alu_heavy,clean,-1,False,-1,309,train,0
30,-1,alu_heavy,clean,-1,False,-1,315,train,0
31,-1,alu_heavy,clean,-1,False,-1,322,train,0
32,-1,alu_heavy,clean,-1,False,-1,328,train,0
33,-1,alu_heavy,clean,-1,False,-1,335,test,0
34,-1,alu_heavy,clean,-1,False,-1,342,train,0
35,-1,alu_heavy,clean,-1,False,-1,348,val,0
36,-1,alu_heavy,clean,-1,False,-1,355,test,0
37,-1,alu_heavy,clean,-1,False,-1,361,train,0
38,-1,alu_heavy,clean,-1,False,-1,368,train,0
39,-1,alu_heavy,clean,-1,False,-1,374,train,0
40,-1,alu_heavy,clean,-1,False,-1,381,train,0
41,-1,alu_heavy,clean,-1,False,-1,387,train,0
42,-1,alu_heavy,clean,-1,False,-1,394,train,0
43,-1,alu_heavy,clean,-1,False,-1,400,train,0
44,-1,alu_heavy,clean,-1,False,-1,407,train,0
45,-1,alu_heavy,clean,-1,False,-1,413,train,0
46,-1,alu_heavy,clean,-1,False,-1,420,train,0
47,-1,alu_heavy,clean,-1,False,-1,426,train,0
48,-1,alu_heavy,clean,-1,False,-1,433,test,0
49,-1,alu_heavy,clean,-1,False,-1,440,train,0
50,-1,branch_heavy,clean,-1,False,-1,120,val,0
51,-1,branch_heavy,clean,-1,False,-1,126,test,0
52,-1,branch_heavy,clean,-1,False,-1,133,test,0
53,-1,branch_heavy,clean,-1,False,-1,139,train,0
54,-1,branch_heavy,clean,-1,False,-1,146,train,0
55,-1,branch_heavy,clean,-1,False,-1,152,train,0
56,-1,branch_heavy,clean,-1,False,-1,159,val,0
57,-1,branch_heavy,clean,-1,False,-1,165,train,0
58,-1,branch_heavy,clean,-1,False,-1,172,test,0
59,-1,branch_heavy,clean,-1,False,-1,178,train,0
60,-1,branch_heavy,clean,-1,False,-1,185,train,0
61,-1,branch_heavy,clean,-1,False,-1,191,val,0
62,-1,branch_heavy,clean,-1,False,-1,198,val,0
63,-1,branch_heavy,clean,-1,False,-1,204,test,0
64,-1,branch_heavy,clean,-1,False,-1,211,val,0
65,-1,branch_heavy,clean,-1,False,-1,217,train,0
66,-1,branch_heavy,clean,-1,False,-1,224,train,0
67,-1,branch_heavy,clean,-1,False,-1,231,train,0
68,-1,branch_heavy,clean,-1,False,-1,237,train,0
69,-1,branch_heavy,clean,-1,False,-1,244,val,0
70,-1,branch_heavy,clean,-1,False,-1,250,train,0
71,-1,branch_heavy,clean,-1,False,-1,257,train,0
72,-1,branch_heavy,clean,-1,False,-1,263,val,0
73,-1,branch_heavy,clean,-1,False,-1,270,train,0
74,-1,branch_heavy,clean,-1,False,-1,276,train,0
75,-1,branch_heavy,clean,-1,False,-1,283,train,0
76,-1,branch_heavy,clean,-1,False,-1,289,train,0
77,-1,branch_heavy,clean,-1,False,-1,296,train,0
78,-1,branch_heavy,clean,-1,False,-1,302,train,0
79,-1,branch_heavy,clean,-1,False,-1,309,train,0
80,-1,branch_heavy,clean,-1,False,-1,315,train,0
81,-1,branch_heavy,clean,-1,False,-1,322,train,0
82,-1,branch_heavy,clean,-1,False,-1,328,train,0
83,-1,branch_heavy,clean,-1,False,-1,335,test,0
84,-1,branch_heavy,clean,-1,False,-1,342,train,0
85,-1,branch_heavy,clean,-1,False,-1,348,val,0
86,-1,branch_heavy,clean,-1,False,-1,355,test,0
87,-1,branch_heavy,clean,-1,False,-1,361,train,0
88,-1,branch_heavy,clean,-1,False,-1,368,train,0
89,-1,branch_heavy,clean,-1,False,-1,374,train,0
90,-1,branch_heavy,clean,-1,False,-1,381,train,0
91,-1,branch_heavy,clean,-1,False,-1,387,train,0
92,-1,branch_heavy,clean,-1,False,-1,394,train,0
93,-1,branch_heavy,clean,-1,False,-1,400,train,0
94,-1,branch_heavy,clean,-1,False,-1,407,train,0
95,-1,branch_heavy,clean,-1,False,-1,413,train,0
96,-1,branch_heavy,clean,-1,False,-1,420,train,0
97,-1,branch_heavy,clean,-1,False,-1,426,train,0
98,-1,branch_heavy,clean,-1,False,-1,433,test,0
99,-1,branch_heavy,clean,-1,False,-1,440,train,0
100,-1,mem_intensive,clean,-1,False,-1,120,val,0
101,-1,mem_intensive,clean,-1,False,-1,126,test,0
102,-1,mem_intensive,clean,-1,False,-1,133,test,0
103,-1,mem_intensive,clean,-1,False,-1,139,train,0
104,-1,mem_intensive,clean,-1,False,-1,146,train,0
105,-1,mem_intensive,clean,-1,False,-1,152,train,0
106,-1,mem_intensive,clean,-1,False,-1,159,val,0
107,-1,mem_intensive,clean,-1,False,-1,165,train,0
108,-1,mem_intensive,clean,-1,False,-1,172,test,0
109,-1,mem_intensive,clean,-1,False,-1,178,train,0
110,-1,mem_intensive,clean,-1,False,-1,185,train,0
111,-1,mem_intensive,clean,-1,False,-1,191,val,0
112,-1,mem_intensive,clean,-1,False,-1,198,val,0
113,-1,mem_intensive,clean,-1,False,-1,204,test,0
114,-1,mem_intensive,clean,-1,False,-1,211,val,0
115,-1,mem_intensive,clean,-1,False,-1,217,train,0
116,-1,mem_intensive,clean,-1,False,-1,224,train,0
117,-1,mem_intensive,clean,-1,False,-1,231,train,0
118,-1,mem_intensive,clean,-1,False,-1,237,train,0
119,-1,mem_intensive,clean,-1,False,-1,244,val,0
120,-1,mem_intensive,clean,-1,False,-1,250,train,0
121,-1,mem_intensive,clean,-1,False,-1,257,train,0
122,-1,mem_intensive,clean,-1,False,-1,263,val,0
123,-1,mem_intensive,clean,-1,False,-1,270,train,0
124,-1,mem_intensive,clean,-1,False,-1,276,train,0
125,-1,mem_intensive,clean,-1,False,-1,283,train,0
126,-1,mem_intensive,clean,-1,False,-1,289,train,0
127,-1,mem_intensive,clean,-1,False,-1,296,train,0
128,-1,mem_intensive,clean,-1,False,-1,302,train,0
129,-1,mem_intensive,clean,-1,False,-1,309,train,0
130,-1,mem_intensive,clean,-1,False,-1,315,train,0
131,-1,mem_intensive,clean,-1,False,-1,322,train,0
132,-1,mem_intensive,clean,-1,False,-1,328,train,0
133,-1,mem_intensive,clean,-1,False,-1,335,test,0
134,-1,mem_intensive,clean,-1,False,-1,342,train,0
135,-1,mem_intensive,clean,-1,False,-1,348,val,0
136,-1,mem_intensive,clean,-1,False,-1,355,test,0
137,-1,mem_intensive,clean,-1,False,-1,361,train,0
138,-1,mem_intensive,clean,-1,False,-1,368,train,0
139,-1,mem_intensive,clean,-1,False,-1,374,train,0
140,-1,mem_intensive,clean,-1,False,-1,381,train,0
141,-1,mem_intensive,clean,-1,False,-1,387,train,0
142,-1,mem_intensive,clean,-1,False,-1,394,train,0
143,-1,mem_intensive,clean,-1,False,-1,400,train,0
144,-1,mem_intensive,clean,-1,False,-1,407,train,0
145,-1,mem_intensive,clean,-1,False,-1,413,train,0
146,-1,mem_intensive,clean,-1,False,-1,420,train,0
147,-1,mem_intensive,clean,-1,False,-1,426,train,0
148,-1,mem_intensive,clean,-1,False,-1,433,test,0
149,-1,mem_intensive,clean,-1,False,-1,440,train,0
150,0,alu_heavy,RegFile,0,False,-1,139,train,2
151,1,alu_heavy,RegFile,1,False,-1,126,test,2
152,2,alu_heavy,RegFile,0,False,-1,146,train,2
153,3,alu_heavy,RegFile,1,False,-1,120,val,2
154,4,alu_heavy,RegFile,0,False,-1,152,train,2
155,5,alu_heavy,RegFile,1,False,-1,165,train,2
156,6,alu_heavy,RegFile,0,False,-1,178,train,2
157,7,alu_heavy,RegFile,1,False,-1,185,train,2
158,8,alu_heavy,RegFile,0,False,-1,133,test,2
159,9,alu_heavy,RegFile,1,False,-1,217,train,2
160,10,alu_heavy,RegFile,0,False,-1,224,train,2
161,11,alu_heavy,RegFile,1,False,-1,231,train,2
162,12,alu_heavy,RegFile,0,False,-1,237,train,2
163,13,alu_heavy,RegFile,1,False,-1,172,test,2
164,14,alu_heavy,RegFile,0,False,-1,204,test,2
165,15,alu_heavy,RegFile,1,False,-1,250,train,2
166,16,alu_heavy,RegFile,0,False,-1,257,train,2
167,17,alu_heavy,RegFile,1,False,-1,270,train,2
168,18,alu_heavy,RegFile,0,False,-1,276,train,2
169,19,alu_heavy,RegFile,1,False,-1,283,train,2
170,20,alu_heavy,RegFile,0,False,-1,159,val,2
171,21,alu_heavy,RegFile,1,False,-1,335,test,2
172,22,alu_heavy,RegFile,0,False,-1,289,train,2
173,23,alu_heavy,RegFile,1,False,-1,191,val,2
174,24,alu_heavy,RegFile,0,False,-1,296,train,2
175,25,alu_heavy,RegFile,1,False,-1,302,train,2
176,26,alu_heavy,RegFile,0,False,-1,309,train,2
177,27,alu_heavy,RegFile,1,False,-1,315,train,2
178,28,alu_heavy,RegFile,0,False,-1,322,train,2
179,29,alu_heavy,RegFile,1,False,-1,328,train,2
180,30,alu_heavy,RegFile,0,False,-1,342,train,2
181,31,alu_heavy,RegFile,1,False,-1,361,train,2
182,32,alu_heavy,RegFile,0,False,-1,368,train,2
183,33,alu_heavy,RegFile,1,False,-1,374,train,2
184,34,alu_heavy,RegFile,0,False,-1,198,val,2
185,35,alu_heavy,RegFile,1,False,-1,381,train,2
186,36,alu_heavy,RegFile,0,False,-1,387,train,2
187,37,alu_heavy,RegFile,1,False,-1,394,train,2
188,38,alu_heavy,RegFile,0,False,-1,400,train,2
189,39,alu_heavy,RegFile,1,False,-1,211,val,2
190,40,alu_heavy,RegFile,0,False,-1,244,val,2
191,41,alu_heavy,RegFile,1,False,-1,407,train,2
192,42,alu_heavy,RegFile,0,False,-1,413,train,2
193,43,alu_heavy,RegFile,1,False,-1,263,val,2
194,44,alu_heavy,RegFile,0,False,-1,355,test,2
195,45,alu_heavy,RegFile,1,False,-1,420,train,2
196,46,alu_heavy,RegFile,0,False,-1,426,train,2
197,47,alu_heavy,RegFile,1,False,-1,433,test,2
198,48,alu_heavy,RegFile,0,False,-1,126,test,2
199,49,alu_heavy,RegFile,1,False,-1,133,test,2
200,50,alu_heavy,RegFile,0,False,-1,348,val,2
201,51,alu_heavy,RegFile,1,False,-1,440,train,2
202,52,alu_heavy,RegFile,0,False,-1,120,val,2
203,53,alu_heavy,RegFile,1,False,-1,172,test,2
204,54,alu_heavy,RegFile,0,False,-1,159,val,2
205,55,alu_heavy,RegFile,1,False,-1,139,train,2
206,56,alu_heavy,RegFile,0,False,-1,146,train,2
207,57,alu_heavy,RegFile,1,False,-1,152,train,2
208,58,alu_heavy,RegFile,0,False,-1,204,test,2
209,59,alu_heavy,RegFile,1,False,-1,165,train,2
210,60,alu_heavy,RegFile,0,False,-1,178,train,2
211,61,alu_heavy,RegFile,1,False,-1,185,train,2
212,62,alu_heavy,RegFile,0,False,-1,335,test,2
213,63,alu_heavy,RegFile,1,False,-1,217,train,2
214,64,alu_heavy,RegFile,0,False,-1,191,val,2
215,65,alu_heavy,RegFile,1,False,-1,224,train,2
216,66,alu_heavy,RegFile,0,False,-1,231,train,2
217,67,alu_heavy,RegFile,1,False,-1,237,train,2
218,68,alu_heavy,RegFile,0,False,-1,250,train,2
219,69,alu_heavy,RegFile,1,False,-1,257,train,2
220,70,alu_heavy,RegFile,0,False,-1,355,test,2
221,71,alu_heavy,RegFile,1,False,-1,198,val,2
222,72,alu_heavy,RegFile,0,False,-1,270,train,2
223,73,alu_heavy,RegFile,1,False,-1,276,train,2
224,74,alu_heavy,RegFile,0,False,-1,283,train,2
225,75,alu_heavy,RegFile,1,False,-1,289,train,2
226,76,alu_heavy,RegFile,0,False,-1,296,train,2
227,77,alu_heavy,RegFile,1,False,-1,302,train,2
228,78,alu_heavy,RegFile,0,False,-1,309,train,2
229,79,alu_heavy,RegFile,1,False,-1,315,train,2
230,80,alu_heavy,RegFile,0,False,-1,433,test,2
231,81,alu_heavy,RegFile,1,False,-1,126,test,2
232,82,alu_heavy,RegFile,0,False,-1,322,train,2
233,83,alu_heavy,RegFile,1,False,-1,328,train,2
234,84,alu_heavy,RegFile,0,False,-1,342,train,2
235,85,alu_heavy,RegFile,1,False,-1,361,train,2
236,86,alu_heavy,RegFile,0,False,-1,368,train,2
237,87,alu_heavy,RegFile,1,False,-1,211,val,2
238,88,alu_heavy,RegFile,0,False,-1,244,val,2
239,89,alu_heavy,RegFile,1,False,-1,374,train,2
240,90,alu_heavy,RegFile,0,False,-1,381,train,2
241,91,alu_heavy,RegFile,1,False,-1,263,val,2
242,92,alu_heavy,RegFile,0,False,-1,387,train,2
243,93,alu_heavy,RegFile,1,False,-1,394,train,2
244,94,alu_heavy,RegFile,0,False,-1,348,val,2
245,95,alu_heavy,RegFile,1,False,-1,400,train,2
246,96,alu_heavy,RegFile,0,False,-1,407,train,2
247,97,alu_heavy,RegFile,1,False,-1,413,train,2
248,98,alu_heavy,RegFile,0,False,-1,420,train,2
249,99,alu_heavy,RegFile,1,False,-1,133,test,2
250,100,alu_heavy,RegFile,0,False,-1,426,train,2
251,101,alu_heavy,RegFile,1,False,-1,440,train,2
252,102,alu_heavy,RegFile,0,False,-1,172,test,2
253,103,alu_heavy,RegFile,1,False,-1,139,train,2
254,104,alu_heavy,RegFile,0,False,-1,146,train,2
255,105,alu_heavy,RegFile,1,False,-1,120,val,2
256,106,alu_heavy,RegFile,0,False,-1,159,val,2
257,107,alu_heavy,RegFile,1,False,-1,152,train,2
258,108,alu_heavy,RegFile,0,False,-1,165,train,2
259,109,alu_heavy,RegFile,1,False,-1,178,train,2
260,110,alu_heavy,RegFile,0,False,-1,191,val,2
261,111,alu_heavy,RegFile,1,False,-1,185,train,2
262,112,alu_heavy,RegFile,0,False,-1,217,train,2
263,113,alu_heavy,RegFile,1,False,-1,224,train,2
264,114,alu_heavy,RegFile,0,False,-1,231,train,2
265,115,alu_heavy,RegFile,1,False,-1,237,train,2
266,116,alu_heavy,RegFile,0,False,-1,250,train,2
267,117,alu_heavy,RegFile,1,False,-1,257,train,2
268,118,alu_heavy,RegFile,0,False,-1,270,train,2
269,119,alu_heavy,RegFile,1,False,-1,276,train,2
270,120,alu_heavy,RegFile,0,False,-1,283,train,2
271,121,alu_heavy,RegFile,1,False,-1,198,val,2
272,122,alu_heavy,RegFile,0,False,-1,289,train,2
273,123,alu_heavy,RegFile,1,False,-1,204,test,2
274,124,alu_heavy,RegFile,0,False,-1,296,train,2
275,125,alu_heavy,RegFile,1,False,-1,302,train,2
276,126,alu_heavy,RegFile,0,False,-1,309,train,2
277,127,alu_heavy,RegFile,1,False,-1,315,train,2
278,128,alu_heavy,RegFile,0,False,-1,335,test,2
279,129,alu_heavy,RegFile,1,False,-1,322,train,2
280,130,alu_heavy,RegFile,0,False,-1,211,val,2
281,131,alu_heavy,RegFile,1,False,-1,328,train,2
282,132,alu_heavy,RegFile,0,False,-1,342,train,2
283,133,alu_heavy,RegFile,1,False,-1,361,train,2
284,134,alu_heavy,RegFile,0,False,-1,355,test,2
285,135,alu_heavy,RegFile,1,False,-1,433,test,2
286,136,alu_heavy,RegFile,0,False,-1,368,train,2
287,137,alu_heavy,RegFile,1,False,-1,374,train,2
288,138,alu_heavy,RegFile,0,False,-1,244,val,2
289,139,alu_heavy,RegFile,1,False,-1,381,train,2
290,140,alu_heavy,RegFile,0,False,-1,387,train,2
291,141,alu_heavy,RegFile,1,False,-1,394,train,2
292,142,alu_heavy,RegFile,0,False,-1,400,train,2
293,143,alu_heavy,RegFile,1,False,-1,407,train,2
294,144,alu_heavy,RegFile,0,False,-1,413,train,2
295,145,alu_heavy,RegFile,1,False,-1,126,test,2
296,146,alu_heavy,RegFile,0,False,-1,420,train,2
297,147,alu_heavy,RegFile,1,False,-1,426,train,2
298,148,alu_heavy,RegFile,0,False,-1,440,train,2
299,149,alu_heavy,RegFile,1,False,-1,133,test,2
300,150,alu_heavy,RegFile,0,False,-1,139,train,2
301,151,alu_heavy,RegFile,1,False,-1,172,test,2
302,152,alu_heavy,RegFile,0,False,-1,146,train,2
303,153,alu_heavy,RegFile,1,False,-1,204,test,2
304,154,alu_heavy,RegFile,0,False,-1,152,train,2
305,155,alu_heavy,RegFile,1,False,-1,165,train,2
306,156,alu_heavy,RegFile,0,False,-1,335,test,2
307,157,alu_heavy,RegFile,1,False,-1,178,train,2
308,158,alu_heavy,RegFile,0,False,-1,185,train,2
309,159,alu_heavy,RegFile,1,False,-1,217,train,2
310,160,alu_heavy,RegFile,0,False,-1,355,test,2
311,161,alu_heavy,RegFile,1,False,-1,433,test,2
312,162,alu_heavy,RegFile,0,True,5,224,train,1
313,163,alu_heavy,RegFile,1,True,9,231,train,1
314,164,alu_heavy,RegFile,0,True,3,237,train,1
315,165,alu_heavy,RegFile,1,True,37,126,test,1
316,166,alu_heavy,RegFile,0,True,23,250,train,1
317,167,alu_heavy,RegFile,1,True,21,263,val,1
318,168,alu_heavy,RegFile,0,True,5,257,train,1
319,169,alu_heavy,RegFile,1,True,36,270,train,1
320,170,alu_heavy,RegFile,0,True,8,276,train,1
321,171,alu_heavy,RegFile,1,True,23,283,train,1
322,172,alu_heavy,RegFile,0,True,6,289,train,1
323,173,alu_heavy,RegFile,1,True,10,296,train,1
324,174,alu_heavy,RegFile,0,True,46,348,val,1
325,175,alu_heavy,RegFile,1,True,26,302,train,1
326,176,alu_heavy,RegFile,0,True,8,309,train,1
327,177,alu_heavy,RegFile,1,True,35,315,train,1
328,178,alu_heavy,RegFile,0,True,10,120,val,1
329,179,alu_heavy,RegFile,1,True,96,133,test,1
330,180,alu_heavy,RegFile,0,False,-1,322,train,2
331,181,alu_heavy,RegFile,1,True,4,328,train,1
332,182,alu_heavy,RegFile,0,False,-1,342,train,2
333,183,alu_heavy,RegFile,1,True,6,172,test,1
334,184,alu_heavy,RegFile,0,False,-1,159,val,2
335,185,alu_heavy,RegFile,1,True,4,361,train,1
336,186,alu_heavy,RegFile,0,True,8,368,train,1
337,187,alu_heavy,RegFile,1,False,-1,191,val,2
338,188,alu_heavy,RegFile,0,False,-1,374,train,2
339,189,alu_heavy,RegFile,1,True,7,204,test,1
340,190,alu_heavy,RegFile,0,False,-1,198,val,2
341,191,alu_heavy,RegFile,1,True,8,335,test,1
342,192,alu_heavy,RegFile,0,True,10,355,test,1
343,193,alu_heavy,RegFile,1,False,-1,381,train,2
344,194,alu_heavy,RegFile,0,True,11,387,train,1
345,195,alu_heavy,RegFile,1,False,-1,433,test,2
346,196,alu_heavy,RegFile,0,False,-1,126,test,2
347,197,alu_heavy,RegFile,1,True,4,394,train,1
348,198,alu_heavy,RegFile,0,True,8,133,test,1
349,199,alu_heavy,RegFile,1,True,16,400,train,1
350,200,alu_heavy,RegFile,0,True,31,407,train,1
351,201,alu_heavy,RegFile,1,True,29,211,val,1
352,202,alu_heavy,RegFile,0,True,2,172,test,1
353,203,alu_heavy,RegFile,1,True,3,204,test,1
354,204,alu_heavy,RegFile,0,True,36,413,train,1
355,205,alu_heavy,RegFile,1,True,26,335,test,1
356,206,alu_heavy,RegFile,0,True,84,420,train,1
357,207,alu_heavy,RegFile,1,True,12,426,train,1
358,208,alu_heavy,RegFile,0,True,9,440,train,1
359,209,alu_heavy,RegFile,1,True,95,244,val,1
360,210,alu_heavy,RegFile,0,True,255,139,train,1
361,211,alu_heavy,RegFile,1,True,6,146,train,1
362,212,alu_heavy,RegFile,0,False,-1,263,val,2
363,213,alu_heavy,RegFile,1,True,11,152,train,1
364,214,alu_heavy,RegFile,0,False,-1,165,train,2
365,215,alu_heavy,RegFile,1,True,2,348,val,1
366,216,alu_heavy,RegFile,0,True,22,120,val,1
367,217,alu_heavy,RegFile,1,True,18,355,test,1
368,218,alu_heavy,RegFile,0,True,8,178,train,1
369,219,alu_heavy,RegFile,1,True,12,185,train,1
370,220,alu_heavy,RegFile,0,True,24,217,train,1
371,221,alu_heavy,RegFile,1,True,28,433,test,1
372,222,alu_heavy,RegFile,0,True,61,224,train,1
373,223,alu_heavy,RegFile,1,True,10,231,train,1
374,224,alu_heavy,RegFile,0,True,38,159,val,1
375,225,alu_heavy,RegFile,1,True,182,191,val,1
376,226,alu_heavy,RegFile,0,True,136,237,train,1
377,227,alu_heavy,RegFile,1,True,5,126,test,1
378,228,alu_heavy,RegFile,0,False,-1,250,train,2
379,229,alu_heavy,RegFile,1,True,9,133,test,1
380,230,alu_heavy,RegFile,0,False,-1,198,val,2
381,231,alu_heavy,RegFile,1,True,6,257,train,1
382,232,alu_heavy,RegFile,0,False,-1,270,train,2
383,233,alu_heavy,RegFile,1,True,9,276,train,1
384,234,alu_heavy,RegFile,0,True,4,283,train,1
385,235,alu_heavy,RegFile,1,True,207,289,train,1
386,236,alu_heavy,RegFile,0,True,17,296,train,1
387,237,alu_heavy,RegFile,1,True,5,172,test,1
388,238,alu_heavy,RegFile,0,True,11,302,train,1
389,239,alu_heavy,RegFile,1,True,11,309,train,1
390,240,alu_heavy,RegFile,0,True,9,315,train,1
391,241,alu_heavy,RegFile,1,True,9,322,train,1
392,242,alu_heavy,RegFile,0,True,84,328,train,1
393,243,alu_heavy,RegFile,1,True,4,342,train,1
394,244,alu_heavy,RegFile,0,True,18,361,train,1
395,245,alu_heavy,RegFile,1,True,7,368,train,1
396,246,alu_heavy,RegFile,0,True,27,374,train,1
397,247,alu_heavy,RegFile,1,True,5,381,train,1
398,248,alu_heavy,RegFile,0,True,14,387,train,1
399,249,alu_heavy,RegFile,1,True,3,394,train,1
400,250,alu_heavy,RegFile,0,True,12,400,train,1
401,251,alu_heavy,RegFile,1,True,12,407,train,1
402,252,alu_heavy,PC,0,False,-1,413,train,2
403,253,alu_heavy,PC,1,False,-1,420,train,2
404,254,alu_heavy,PC,0,False,-1,426,train,2
405,255,alu_heavy,PC,1,False,-1,440,train,2
406,256,alu_heavy,PC,0,False,-1,139,train,2
407,257,alu_heavy,PC,1,False,-1,146,train,2
408,258,alu_heavy,PC,0,False,-1,204,test,2
409,259,alu_heavy,PC,1,False,-1,152,train,2
410,260,alu_heavy,PC,0,False,-1,211,val,2
411,261,alu_heavy,PC,1,False,-1,165,train,2
412,262,alu_heavy,PC,0,False,-1,178,train,2
413,263,alu_heavy,PC,1,False,-1,185,train,2
414,264,alu_heavy,PC,0,False,-1,217,train,2
415,265,alu_heavy,PC,1,False,-1,224,train,2
416,266,alu_heavy,PC,0,False,-1,231,train,2
417,267,alu_heavy,PC,1,False,-1,237,train,2
418,268,alu_heavy,PC,0,False,-1,250,train,2
419,269,alu_heavy,PC,1,True,7,257,train,1
420,270,alu_heavy,PC,0,False,-1,335,test,2
421,271,alu_heavy,PC,1,True,5,270,train,1
422,272,alu_heavy,PC,0,False,-1,355,test,2
423,273,alu_heavy,PC,1,True,10,276,train,1
424,274,alu_heavy,PC,0,False,-1,433,test,2
425,275,alu_heavy,PC,1,True,3,283,train,1
426,276,alu_heavy,PC,0,True,6,126,test,1
427,277,alu_heavy,PC,1,False,-1,289,train,2
428,278,alu_heavy,PC,0,False,-1,296,train,2
429,279,alu_heavy,PC,1,True,6,302,train,1
430,280,alu_heavy,PC,0,False,-1,309,train,2
431,281,alu_heavy,PC,1,True,4,315,train,1
432,282,alu_heavy,PC,0,False,-1,322,train,2
433,283,alu_heavy,PC,1,True,2,328,train,1
434,284,alu_heavy,PC,0,False,-1,342,train,2
435,285,alu_heavy,PC,1,False,-1,361,train,2
436,286,alu_heavy,PC,0,False,-1,368,train,2
437,287,alu_heavy,PC,1,False,-1,374,train,2
438,288,alu_heavy,PC,0,False,-1,381,train,2
439,289,alu_heavy,PC,1,False,-1,387,train,2
440,290,alu_heavy,PC,0,False,-1,244,val,2
441,291,alu_heavy,PC,1,False,-1,263,val,2
442,292,alu_heavy,PC,0,False,-1,133,test,2
443,293,alu_heavy,PC,1,False,-1,172,test,2
444,294,alu_heavy,PC,0,False,-1,204,test,2
445,295,alu_heavy,PC,1,False,-1,394,train,2
446,296,alu_heavy,PC,0,False,-1,400,train,2
447,297,alu_heavy,PC,1,False,-1,407,train,2
448,298,alu_heavy,PC,0,False,-1,413,train,2
449,299,alu_heavy,PC,1,False,-1,420,train,2
450,300,alu_heavy,IF,0,False,-1,335,test,2
451,301,alu_heavy,IF,1,False,-1,426,train,2
452,302,alu_heavy,IF,0,False,-1,440,train,2
453,303,alu_heavy,IF,1,False,-1,139,train,2
454,304,alu_heavy,IF,0,False,-1,146,train,2
455,305,alu_heavy,IF,1,False,-1,152,train,2
456,306,alu_heavy,IF,0,False,-1,165,train,2
457,307,alu_heavy,IF,1,False,-1,348,val,2
458,308,alu_heavy,IF,0,False,-1,178,train,2
459,309,alu_heavy,IF,1,False,-1,185,train,2
460,310,alu_heavy,IF,0,False,-1,120,val,2
461,311,alu_heavy,IF,1,False,-1,217,train,2
462,312,alu_heavy,IF,0,False,-1,159,val,2
463,313,alu_heavy,IF,1,False,-1,355,test,2
464,314,alu_heavy,IF,0,False,-1,224,train,2
465,315,alu_heavy,IF,1,False,-1,231,train,2
466,316,alu_heavy,IF,0,False,-1,237,train,2
467,317,alu_heavy,IF,1,False,-1,250,train,2
468,318,alu_heavy,IF,0,False,-1,257,train,2
469,319,alu_heavy,IF,1,False,-1,270,train,2
470,320,alu_heavy,IF,0,False,-1,191,val,2
471,321,alu_heavy,IF,1,False,-1,276,train,2
472,322,alu_heavy,IF,0,False,-1,283,train,2
473,323,alu_heavy,IF,1,False,-1,433,test,2
474,324,alu_heavy,IF,0,False,-1,126,test,2
475,325,alu_heavy,IF,1,False,-1,289,train,2
476,326,alu_heavy,IF,0,False,-1,198,val,2
477,327,alu_heavy,IF,1,False,-1,296,train,2
478,328,alu_heavy,IF,0,False,-1,302,train,2
479,329,alu_heavy,IF,1,False,-1,309,train,2
480,330,alu_heavy,IF,0,False,-1,315,train,2
481,331,alu_heavy,IF,1,False,-1,211,val,2
482,332,alu_heavy,IF,0,False,-1,322,train,2
483,333,alu_heavy,IF,1,False,-1,244,val,2
484,334,alu_heavy,IF,0,False,-1,328,train,2
485,335,alu_heavy,IF,1,False,-1,342,train,2
486,336,alu_heavy,IF,0,False,-1,361,train,2
487,337,alu_heavy,IF,1,False,-1,368,train,2
488,338,alu_heavy,IF,0,False,-1,374,train,2
489,339,alu_heavy,IF,1,False,-1,381,train,2
490,340,alu_heavy,IF,0,False,-1,387,train,2
491,341,alu_heavy,IF,1,False,-1,394,train,2
492,342,alu_heavy,IF,0,False,-1,400,train,2
493,343,alu_heavy,IF,1,False,-1,263,val,2
494,344,alu_heavy,IF,0,False,-1,407,train,2
495,345,alu_heavy,IF,1,False,-1,413,train,2
496,346,alu_heavy,IF,0,False,-1,420,train,2
497,347,alu_heavy,IF,1,False,-1,426,train,2
498,348,alu_heavy,IF,0,False,-1,440,train,2
499,349,alu_heavy,IF,1,False,-1,139,train,2
500,350,alu_heavy,IF,0,False,-1,146,train,2
501,351,alu_heavy,IF,1,False,-1,348,val,2
502,352,alu_heavy,IF,0,False,-1,152,train,2
503,353,alu_heavy,IF,1,False,-1,165,train,2
504,354,alu_heavy,IF,0,False,-1,120,val,2
505,355,alu_heavy,IF,1,False,-1,178,train,2
506,356,alu_heavy,IF,0,False,-1,159,val,2
507,357,alu_heavy,IF,1,False,-1,191,val,2
508,358,alu_heavy,IF,0,False,-1,133,test,2
509,359,alu_heavy,IF,1,False,-1,185,train,2
510,360,alu_heavy,IF,0,False,-1,217,train,2
511,361,alu_heavy,IF,1,False,-1,224,train,2
512,362,alu_heavy,IF,0,False,-1,172,test,2
513,363,alu_heavy,IF,1,False,-1,231,train,2
514,364,alu_heavy,Control,0,False,-1,237,train,2
515,365,alu_heavy,Control,1,True,0,250,train,1
516,366,alu_heavy,Control,0,True,6,257,train,1
517,367,alu_heavy,Control,1,True,5,204,test,1
518,368,alu_heavy,Control,0,False,-1,270,train,2
519,369,alu_heavy,Control,1,True,0,276,train,1
520,370,alu_heavy,Control,0,False,-1,335,test,2
521,371,alu_heavy,Control,1,True,1,198,val,1
522,372,alu_heavy,Control,0,False,-1,283,train,2
523,373,alu_heavy,Control,1,True,3,211,val,1
524,374,alu_heavy,Control,0,False,-1,244,val,2
525,375,alu_heavy,Control,1,False,-1,289,train,2
526,376,alu_heavy,Control,0,False,-1,296,train,2
527,377,alu_heavy,Control,1,False,-1,302,train,2
528,378,alu_heavy,Control,0,False,-1,309,train,2
529,379,alu_heavy,Control,1,True,5,315,train,1
530,380,alu_heavy,Control,0,False,-1,263,val,2
531,381,alu_heavy,Control,1,False,-1,322,train,2
532,382,alu_heavy,Control,0,True,4,328,train,1
533,383,alu_heavy,Control,1,True,1,348,val,1
534,384,alu_heavy,Control,0,False,-1,120,val,2
535,385,alu_heavy,Control,1,True,3,342,train,1
536,386,alu_heavy,Control,0,False,-1,361,train,2
537,387,alu_heavy,Control,1,True,0,368,train,1
538,388,alu_heavy,Control,0,False,-1,159,val,2
539,389,alu_heavy,Control,1,False,-1,374,train,2
540,390,alu_heavy,Control,0,False,-1,381,train,2
541,391,alu_heavy,Control,1,False,-1,387,train,2
542,392,alu_heavy,Control,0,False,-1,394,train,2
543,393,alu_heavy,Control,1,False,-1,191,val,2
544,394,alu_heavy,Control,0,False,-1,400,train,2
545,395,alu_heavy,Control,1,False,-1,355,test,2
546,396,alu_heavy,Control,0,False,-1,407,train,2
547,397,alu_heavy,Control,1,False,-1,433,test,2
548,398,alu_heavy,Control,0,False,-1,126,test,2
549,399,alu_heavy,Control,1,False,-1,413,train,2
550,400,alu_heavy,Control,0,False,-1,420,train,2
551,401,alu_heavy,Control,1,False,-1,133,test,2
552,402,alu_heavy,Control,0,False,-1,426,train,2
553,403,alu_heavy,Control,1,False,-1,440,train,2
554,404,alu_heavy,Control,0,False,-1,139,train,2
555,405,alu_heavy,Control,1,False,-1,146,train,2
556,406,alu_heavy,Control,0,False,-1,152,train,2
557,407,alu_heavy,Control,1,False,-1,165,train,2
558,408,alu_heavy,Control,0,False,-1,172,test,2
559,409,alu_heavy,Control,1,False,-1,178,train,2
560,410,alu_heavy,Control,0,False,-1,185,train,2
561,411,alu_heavy,Control,1,False,-1,217,train,2
562,412,alu_heavy,Control,0,False,-1,224,train,2
563,413,alu_heavy,Control,1,True,13,231,train,1
564,414,alu_heavy,Control,0,True,1,237,train,1
565,415,alu_heavy,Control,1,False,-1,250,train,2
566,416,alu_heavy,Control,0,True,1,257,train,1
567,417,alu_heavy,Control,1,False,-1,270,train,2
568,418,alu_heavy,Control,0,False,-1,276,train,2
569,419,alu_heavy,Control,1,False,-1,198,val,2
570,420,alu_heavy,Control,0,False,-1,283,train,2
571,421,alu_heavy,Control,1,False,-1,289,train,2
572,422,alu_heavy,Control,0,False,-1,296,train,2
573,423,alu_heavy,Control,1,False,-1,302,train,2
574,424,alu_heavy,Control,0,False,-1,309,train,2
575,425,alu_heavy,Control,1,False,-1,315,train,2
576,426,alu_heavy,Control,0,False,-1,211,val,2
577,427,alu_heavy,Control,1,True,1,322,train,1
578,428,alu_heavy,Control,0,False,-1,328,train,2
579,429,alu_heavy,Control,1,False,-1,244,val,2
580,430,alu_heavy,Control,0,False,-1,342,train,2
581,431,alu_heavy,Control,1,False,-1,361,train,2
582,432,alu_heavy,Control,0,False,-1,263,val,2
583,433,alu_heavy,Control,1,False,-1,368,train,2
584,434,alu_heavy,Control,0,False,-1,374,train,2
585,435,alu_heavy,Control,1,False,-1,381,train,2
586,436,alu_heavy,Control,0,False,-1,387,train,2
587,437,alu_heavy,Control,1,True,2,394,train,1
588,438,alu_heavy,LSU,0,False,-1,400,train,2
589,439,alu_heavy,LSU,1,True,1,407,train,1
590,440,alu_heavy,LSU,0,False,-1,413,train,2
591,441,alu_heavy,LSU,1,True,2,420,train,1
592,442,alu_heavy,LSU,0,False,-1,348,val,2
593,443,alu_heavy,LSU,1,False,-1,426,train,2
594,444,alu_heavy,LSU,0,False,-1,440,train,2
595,445,alu_heavy,LSU,1,False,-1,139,train,2
596,446,alu_heavy,LSU,0,False,-1,146,train,2
597,447,alu_heavy,LSU,1,False,-1,152,train,2
598,448,alu_heavy,LSU,0,False,-1,120,val,2
599,449,alu_heavy,LSU,1,False,-1,204,test,2
600,450,alu_heavy,LSU,0,False,-1,165,train,2
601,451,alu_heavy,LSU,1,False,-1,178,train,2
602,452,alu_heavy,LSU,0,False,-1,185,train,2
603,453,alu_heavy,LSU,1,False,-1,159,val,2
604,454,alu_heavy,LSU,0,False,-1,217,train,2
605,455,alu_heavy,LSU,1,False,-1,224,train,2
606,456,alu_heavy,LSU,0,False,-1,335,test,2
607,457,alu_heavy,LSU,1,False,-1,191,val,2
608,458,alu_heavy,LSU,0,False,-1,198,val,2
609,459,alu_heavy,LSU,1,False,-1,355,test,2
610,460,alu_heavy,EX,0,False,-1,433,test,2
611,461,alu_heavy,EX,1,False,-1,231,train,2
612,462,alu_heavy,EX,0,False,-1,211,val,2
613,463,alu_heavy,EX,1,False,-1,237,train,2
614,464,alu_heavy,EX,0,False,-1,250,train,2
615,465,alu_heavy,EX,1,False,-1,257,train,2
616,466,alu_heavy,EX,0,False,-1,270,train,2
617,467,alu_heavy,EX,1,False,-1,276,train,2
618,468,alu_heavy,EX,0,False,-1,244,val,2
619,469,alu_heavy,EX,1,False,-1,126,test,2
620,470,alu_heavy,EX,0,False,-1,283,train,2
621,471,alu_heavy,EX,1,False,-1,263,val,2
622,472,alu_heavy,EX,0,False,-1,289,train,2
623,473,alu_heavy,EX,1,False,-1,296,train,2
624,474,alu_heavy,CSR,0,False,-1,302,train,2
625,475,alu_heavy,CSR,1,False,-1,309,train,2
626,476,alu_heavy,CSR,0,False,-1,315,train,2
627,477,alu_heavy,CSR,1,False,-1,322,train,2
628,478,alu_heavy,CSR,0,False,-1,328,train,2
629,479,alu_heavy,CSR,1,False,-1,342,train,2
630,480,alu_heavy,CSR,0,False,-1,361,train,2
631,481,alu_heavy,CSR,1,False,-1,133,test,2
632,482,alu_heavy,CSR,0,False,-1,368,train,2
633,483,alu_heavy,CSR,1,False,-1,172,test,2
634,484,alu_heavy,CSR,0,False,-1,374,train,2
635,485,alu_heavy,CSR,1,False,-1,381,train,2
636,486,alu_heavy,CSR,0,False,-1,204,test,2
637,487,alu_heavy,CSR,1,False,-1,335,test,2
638,488,alu_heavy,CSR,0,False,-1,387,train,2
639,489,alu_heavy,CSR,1,False,-1,394,train,2
640,490,alu_heavy,CSR,0,False,-1,348,val,2
641,491,alu_heavy,CSR,1,False,-1,400,train,2
642,492,alu_heavy,CSR,0,False,-1,407,train,2
643,493,alu_heavy,CSR,1,False,-1,413,train,2
644,494,alu_heavy,CSR,0,False,-1,120,val,2
645,495,alu_heavy,CSR,1,False,-1,159,val,2
646,0,branch_heavy,RegFile,0,False,-1,139,train,2
647,1,branch_heavy,RegFile,1,False,-1,126,test,2
648,2,branch_heavy,RegFile,0,False,-1,146,train,2
649,3,branch_heavy,RegFile,1,False,-1,120,val,2
650,4,branch_heavy,RegFile,0,False,-1,152,train,2
651,5,branch_heavy,RegFile,1,False,-1,165,train,2
652,6,branch_heavy,RegFile,0,False,-1,178,train,2
653,7,branch_heavy,RegFile,1,False,-1,185,train,2
654,8,branch_heavy,RegFile,0,False,-1,133,test,2
655,9,branch_heavy,RegFile,1,False,-1,217,train,2
656,10,branch_heavy,RegFile,0,False,-1,224,train,2
657,11,branch_heavy,RegFile,1,False,-1,231,train,2
658,12,branch_heavy,RegFile,0,False,-1,237,train,2
659,13,branch_heavy,RegFile,1,False,-1,172,test,2
660,14,branch_heavy,RegFile,0,False,-1,204,test,2
661,15,branch_heavy,RegFile,1,False,-1,250,train,2
662,16,branch_heavy,RegFile,0,False,-1,257,train,2
663,17,branch_heavy,RegFile,1,False,-1,270,train,2
664,18,branch_heavy,RegFile,0,False,-1,276,train,2
665,19,branch_heavy,RegFile,1,False,-1,283,train,2
666,20,branch_heavy,RegFile,0,False,-1,159,val,2
667,21,branch_heavy,RegFile,1,False,-1,335,test,2
668,22,branch_heavy,RegFile,0,False,-1,289,train,2
669,23,branch_heavy,RegFile,1,False,-1,191,val,2
670,24,branch_heavy,RegFile,0,False,-1,296,train,2
671,25,branch_heavy,RegFile,1,False,-1,302,train,2
672,26,branch_heavy,RegFile,0,False,-1,309,train,2
673,27,branch_heavy,RegFile,1,False,-1,315,train,2
674,28,branch_heavy,RegFile,0,False,-1,322,train,2
675,29,branch_heavy,RegFile,1,False,-1,328,train,2
676,30,branch_heavy,RegFile,0,False,-1,342,train,2
677,31,branch_heavy,RegFile,1,False,-1,361,train,2
678,32,branch_heavy,RegFile,0,False,-1,368,train,2
679,33,branch_heavy,RegFile,1,False,-1,374,train,2
680,34,branch_heavy,RegFile,0,False,-1,198,val,2
681,35,branch_heavy,RegFile,1,False,-1,381,train,2
682,36,branch_heavy,RegFile,0,False,-1,387,train,2
683,37,branch_heavy,RegFile,1,False,-1,394,train,2
684,38,branch_heavy,RegFile,0,False,-1,400,train,2
685,39,branch_heavy,RegFile,1,False,-1,211,val,2
686,40,branch_heavy,RegFile,0,False,-1,244,val,2
687,41,branch_heavy,RegFile,1,False,-1,407,train,2
688,42,branch_heavy,RegFile,0,False,-1,413,train,2
689,43,branch_heavy,RegFile,1,False,-1,263,val,2
690,44,branch_heavy,RegFile,0,False,-1,355,test,2
691,45,branch_heavy,RegFile,1,False,-1,420,train,2
692,46,branch_heavy,RegFile,0,False,-1,426,train,2
693,47,branch_heavy,RegFile,1,False,-1,433,test,2
694,48,branch_heavy,RegFile,0,False,-1,126,test,2
695,49,branch_heavy,RegFile,1,False,-1,133,test,2
696,50,branch_heavy,RegFile,0,False,-1,348,val,2
697,51,branch_heavy,RegFile,1,False,-1,440,train,2
698,52,branch_heavy,RegFile,0,False,-1,120,val,2
699,53,branch_heavy,RegFile,1,False,-1,172,test,2
700,54,branch_heavy,RegFile,0,False,-1,159,val,2
701,55,branch_heavy,RegFile,1,False,-1,139,train,2
702,56,branch_heavy,RegFile,0,False,-1,146,train,2
703,57,branch_heavy,RegFile,1,False,-1,152,train,2
704,58,branch_heavy,RegFile,0,False,-1,204,test,2
705,59,branch_heavy,RegFile,1,False,-1,165,train,2
706,60,branch_heavy,RegFile,0,False,-1,178,train,2
707,61,branch_heavy,RegFile,1,False,-1,185,train,2
708,62,branch_heavy,RegFile,0,False,-1,335,test,2
709,63,branch_heavy,RegFile,1,False,-1,217,train,2
710,64,branch_heavy,RegFile,0,False,-1,191,val,2
711,65,branch_heavy,RegFile,1,False,-1,224,train,2
712,66,branch_heavy,RegFile,0,False,-1,231,train,2
713,67,branch_heavy,RegFile,1,False,-1,237,train,2
714,68,branch_heavy,RegFile,0,False,-1,250,train,2
715,69,branch_heavy,RegFile,1,False,-1,257,train,2
716,70,branch_heavy,RegFile,0,False,-1,355,test,2
717,71,branch_heavy,RegFile,1,False,-1,198,val,2
718,72,branch_heavy,RegFile,0,False,-1,270,train,2
719,73,branch_heavy,RegFile,1,False,-1,276,train,2
720,74,branch_heavy,RegFile,0,False,-1,283,train,2
721,75,branch_heavy,RegFile,1,False,-1,289,train,2
722,76,branch_heavy,RegFile,0,False,-1,296,train,2
723,77,branch_heavy,RegFile,1,False,-1,302,train,2
724,78,branch_heavy,RegFile,0,False,-1,309,train,2
725,79,branch_heavy,RegFile,1,False,-1,315,train,2
726,80,branch_heavy,RegFile,0,False,-1,433,test,2
727,81,branch_heavy,RegFile,1,False,-1,126,test,2
728,82,branch_heavy,RegFile,0,False,-1,322,train,2
729,83,branch_heavy,RegFile,1,False,-1,328,train,2
730,84,branch_heavy,RegFile,0,False,-1,342,train,2
731,85,branch_heavy,RegFile,1,False,-1,361,train,2
732,86,branch_heavy,RegFile,0,False,-1,368,train,2
733,87,branch_heavy,RegFile,1,False,-1,211,val,2
734,88,branch_heavy,RegFile,0,False,-1,244,val,2
735,89,branch_heavy,RegFile,1,False,-1,374,train,2
736,90,branch_heavy,RegFile,0,False,-1,381,train,2
737,91,branch_heavy,RegFile,1,False,-1,263,val,2
738,92,branch_heavy,RegFile,0,False,-1,387,train,2
739,93,branch_heavy,RegFile,1,False,-1,394,train,2
740,94,branch_heavy,RegFile,0,False,-1,348,val,2
741,95,branch_heavy,RegFile,1,False,-1,400,train,2
742,96,branch_heavy,RegFile,0,False,-1,407,train,2
743,97,branch_heavy,RegFile,1,False,-1,413,train,2
744,98,branch_heavy,RegFile,0,False,-1,420,train,2
745,99,branch_heavy,RegFile,1,False,-1,133,test,2
746,100,branch_heavy,RegFile,0,False,-1,426,train,2
747,101,branch_heavy,RegFile,1,False,-1,440,train,2
748,102,branch_heavy,RegFile,0,False,-1,172,test,2
749,103,branch_heavy,RegFile,1,False,-1,139,train,2
750,104,branch_heavy,RegFile,0,False,-1,146,train,2
751,105,branch_heavy,RegFile,1,False,-1,120,val,2
752,106,branch_heavy,RegFile,0,False,-1,159,val,2
753,107,branch_heavy,RegFile,1,False,-1,152,train,2
754,108,branch_heavy,RegFile,0,False,-1,165,train,2
755,109,branch_heavy,RegFile,1,False,-1,178,train,2
756,110,branch_heavy,RegFile,0,False,-1,191,val,2
757,111,branch_heavy,RegFile,1,False,-1,185,train,2
758,112,branch_heavy,RegFile,0,False,-1,217,train,2
759,113,branch_heavy,RegFile,1,False,-1,224,train,2
760,114,branch_heavy,RegFile,0,False,-1,231,train,2
761,115,branch_heavy,RegFile,1,False,-1,237,train,2
762,116,branch_heavy,RegFile,0,False,-1,250,train,2
763,117,branch_heavy,RegFile,1,False,-1,257,train,2
764,118,branch_heavy,RegFile,0,False,-1,270,train,2
765,119,branch_heavy,RegFile,1,False,-1,276,train,2
766,120,branch_heavy,RegFile,0,False,-1,283,train,2
767,121,branch_heavy,RegFile,1,False,-1,198,val,2
768,122,branch_heavy,RegFile,0,False,-1,289,train,2
769,123,branch_heavy,RegFile,1,False,-1,204,test,2
770,124,branch_heavy,RegFile,0,False,-1,296,train,2
771,125,branch_heavy,RegFile,1,False,-1,302,train,2
772,126,branch_heavy,RegFile,0,False,-1,309,train,2
773,127,branch_heavy,RegFile,1,False,-1,315,train,2
774,128,branch_heavy,RegFile,0,False,-1,335,test,2
775,129,branch_heavy,RegFile,1,False,-1,322,train,2
776,130,branch_heavy,RegFile,0,False,-1,211,val,2
777,131,branch_heavy,RegFile,1,False,-1,328,train,2
778,132,branch_heavy,RegFile,0,False,-1,342,train,2
779,133,branch_heavy,RegFile,1,False,-1,361,train,2
780,134,branch_heavy,RegFile,0,False,-1,355,test,2
781,135,branch_heavy,RegFile,1,False,-1,433,test,2
782,136,branch_heavy,RegFile,0,False,-1,368,train,2
783,137,branch_heavy,RegFile,1,False,-1,374,train,2
784,138,branch_heavy,RegFile,0,False,-1,244,val,2
785,139,branch_heavy,RegFile,1,False,-1,381,train,2
786,140,branch_heavy,RegFile,0,False,-1,387,train,2
787,141,branch_heavy,RegFile,1,False,-1,394,train,2
788,142,branch_heavy,RegFile,0,False,-1,400,train,2
789,143,branch_heavy,RegFile,1,False,-1,407,train,2
790,144,branch_heavy,RegFile,0,False,-1,413,train,2
791,145,branch_heavy,RegFile,1,False,-1,126,test,2
792,146,branch_heavy,RegFile,0,False,-1,420,train,2
793,147,branch_heavy,RegFile,1,False,-1,426,train,2
794,148,branch_heavy,RegFile,0,False,-1,440,train,2
795,149,branch_heavy,RegFile,1,False,-1,133,test,2
796,150,branch_heavy,RegFile,0,False,-1,139,train,2
797,151,branch_heavy,RegFile,1,False,-1,172,test,2
798,152,branch_heavy,RegFile,0,False,-1,146,train,2
799,153,branch_heavy,RegFile,1,False,-1,204,test,2
800,154,branch_heavy,RegFile,0,False,-1,152,train,2
801,155,branch_heavy,RegFile,1,False,-1,165,train,2
802,156,branch_heavy,RegFile,0,False,-1,335,test,2
803,157,branch_heavy,RegFile,1,False,-1,178,train,2
804,158,branch_heavy,RegFile,0,False,-1,185,train,2
805,159,branch_heavy,RegFile,1,False,-1,217,train,2
806,160,branch_heavy,RegFile,0,False,-1,355,test,2
807,161,branch_heavy,RegFile,1,False,-1,433,test,2
808,162,branch_heavy,RegFile,0,False,-1,224,train,2
809,163,branch_heavy,RegFile,1,False,-1,231,train,2
810,164,branch_heavy,RegFile,0,False,-1,237,train,2
811,165,branch_heavy,RegFile,1,False,-1,126,test,2
812,166,branch_heavy,RegFile,0,False,-1,250,train,2
813,167,branch_heavy,RegFile,1,False,-1,263,val,2
814,168,branch_heavy,RegFile,0,False,-1,257,train,2
815,169,branch_heavy,RegFile,1,False,-1,270,train,2
816,170,branch_heavy,RegFile,0,False,-1,276,train,2
817,171,branch_heavy,RegFile,1,False,-1,283,train,2
818,172,branch_heavy,RegFile,0,False,-1,289,train,2
819,173,branch_heavy,RegFile,1,False,-1,296,train,2
820,174,branch_heavy,RegFile,0,False,-1,348,val,2
821,175,branch_heavy,RegFile,1,False,-1,302,train,2
822,176,branch_heavy,RegFile,0,False,-1,309,train,2
823,177,branch_heavy,RegFile,1,False,-1,315,train,2
824,178,branch_heavy,RegFile,0,False,-1,120,val,2
825,179,branch_heavy,RegFile,1,False,-1,133,test,2
826,180,branch_heavy,RegFile,0,False,-1,322,train,2
827,181,branch_heavy,RegFile,1,True,12,328,train,1
828,182,branch_heavy,RegFile,0,False,-1,342,train,2
829,183,branch_heavy,RegFile,1,True,4,172,test,1
830,184,branch_heavy,RegFile,0,True,3,159,val,1
831,185,branch_heavy,RegFile,1,False,-1,361,train,2
832,186,branch_heavy,RegFile,0,False,-1,368,train,2
833,187,branch_heavy,RegFile,1,True,5,191,val,1
834,188,branch_heavy,RegFile,0,False,-1,374,train,2
835,189,branch_heavy,RegFile,1,True,13,204,test,1
836,190,branch_heavy,RegFile,0,True,5,198,val,1
837,191,branch_heavy,RegFile,1,False,-1,335,test,2
838,192,branch_heavy,RegFile,0,True,5,355,test,1
839,193,branch_heavy,RegFile,1,False,-1,381,train,2
840,194,branch_heavy,RegFile,0,False,-1,387,train,2
841,195,branch_heavy,RegFile,1,True,9,433,test,1
842,196,branch_heavy,RegFile,0,False,-1,126,test,2
843,197,branch_heavy,RegFile,1,True,7,394,train,1
844,198,branch_heavy,RegFile,0,False,-1,133,test,2
845,199,branch_heavy,RegFile,1,False,-1,400,train,2
846,200,branch_heavy,RegFile,0,False,-1,407,train,2
847,201,branch_heavy,RegFile,1,False,-1,211,val,2
848,202,branch_heavy,RegFile,0,False,-1,172,test,2
849,203,branch_heavy,RegFile,1,False,-1,204,test,2
850,204,branch_heavy,RegFile,0,False,-1,413,train,2
851,205,branch_heavy,RegFile,1,False,-1,335,test,2
852,206,branch_heavy,RegFile,0,False,-1,420,train,2
853,207,branch_heavy,RegFile,1,False,-1,426,train,2
854,208,branch_heavy,RegFile,0,False,-1,440,train,2
855,209,branch_heavy,RegFile,1,False,-1,244,val,2
856,210,branch_heavy,RegFile,0,False,-1,139,train,2
857,211,branch_heavy,RegFile,1,False,-1,146,train,2
858,212,branch_heavy,RegFile,0,False,-1,263,val,2
859,213,branch_heavy,RegFile,1,False,-1,152,train,2
860,214,branch_heavy,RegFile,0,False,-1,165,train,2
861,215,branch_heavy,RegFile,1,False,-1,348,val,2
862,216,branch_heavy,RegFile,0,True,41,120,val,1
863,217,branch_heavy,RegFile,1,True,32,355,test,1
864,218,branch_heavy,RegFile,0,True,45,178,train,1
865,219,branch_heavy,RegFile,1,True,17,185,train,1
866,220,branch_heavy,RegFile,0,True,47,217,train,1
867,221,branch_heavy,RegFile,1,True,77,433,test,1
868,222,branch_heavy,RegFile,0,True,19,224,train,1
869,223,branch_heavy,RegFile,1,True,115,231,train,1
870,224,branch_heavy,RegFile,0,True,187,159,val,1
871,225,branch_heavy,RegFile,1,True,11,191,val,1
872,226,branch_heavy,RegFile,0,False,-1,237,train,2
873,227,branch_heavy,RegFile,1,True,15,126,test,1
874,228,branch_heavy,RegFile,0,False,-1,250,train,2
875,229,branch_heavy,RegFile,1,True,8,133,test,1
876,230,branch_heavy,RegFile,0,False,-1,198,val,2
877,231,branch_heavy,RegFile,1,True,7,257,train,1
878,232,branch_heavy,RegFile,0,False,-1,270,train,2
879,233,branch_heavy,RegFile,1,True,8,276,train,1
880,234,branch_heavy,RegFile,0,True,53,283,train,1
881,235,branch_heavy,RegFile,1,True,6,289,train,1
882,236,branch_heavy,RegFile,0,True,40,296,train,1
883,237,branch_heavy,RegFile,1,True,41,172,test,1
884,238,branch_heavy,RegFile,0,True,34,302,train,1
885,239,branch_heavy,RegFile,1,True,68,309,train,1
886,240,branch_heavy,RegFile,0,True,62,315,train,1
887,241,branch_heavy,RegFile,1,True,14,322,train,1
888,242,branch_heavy,RegFile,0,False,-1,328,train,2
889,243,branch_heavy,RegFile,1,True,35,342,train,1
890,244,branch_heavy,RegFile,0,False,-1,361,train,2
891,245,branch_heavy,RegFile,1,True,9,368,train,1
892,246,branch_heavy,RegFile,0,False,-1,374,train,2
893,247,branch_heavy,RegFile,1,True,37,381,train,1
894,248,branch_heavy,RegFile,0,False,-1,387,train,2
895,249,branch_heavy,RegFile,1,True,24,394,train,1
896,250,branch_heavy,RegFile,0,False,-1,400,train,2
897,251,branch_heavy,RegFile,1,True,11,407,train,1
898,252,branch_heavy,PC,0,True,9,413,train,1
899,253,branch_heavy,PC,1,False,-1,420,train,2
900,254,branch_heavy,PC,0,False,-1,426,train,2
901,255,branch_heavy,PC,1,True,23,440,train,1
902,256,branch_heavy,PC,0,False,-1,139,train,2
903,257,branch_heavy,PC,1,True,9,146,train,1
904,258,branch_heavy,PC,0,True,13,204,test,1
905,259,branch_heavy,PC,1,False,-1,152,train,2
906,260,branch_heavy,PC,0,False,-1,211,val,2
907,261,branch_heavy,PC,1,True,11,165,train,1
908,262,branch_heavy,PC,0,False,-1,178,train,2
909,263,branch_heavy,PC,1,True,11,185,train,1
910,264,branch_heavy,PC,0,False,-1,217,train,2
911,265,branch_heavy,PC,1,True,13,224,train,1
912,266,branch_heavy,PC,0,False,-1,231,train,2
913,267,branch_heavy,PC,1,True,21,237,train,1
914,268,branch_heavy,PC,0,False,-1,250,train,2
915,269,branch_heavy,PC,1,True,6,257,train,1
916,270,branch_heavy,PC,0,True,10,335,test,1
917,271,branch_heavy,PC,1,False,-1,270,train,2
918,272,branch_heavy,PC,0,False,-1,355,test,2
919,273,branch_heavy,PC,1,True,7,276,train,1
920,274,branch_heavy,PC,0,True,14,433,test,1
921,275,branch_heavy,PC,1,False,-1,283,train,2
922,276,branch_heavy,PC,0,False,-1,126,test,2
923,277,branch_heavy,PC,1,True,15,289,train,1
924,278,branch_heavy,PC,0,False,-1,296,train,2
925,279,branch_heavy,PC,1,True,2,302,train,1
926,280,branch_heavy,PC,0,False,-1,309,train,2
927,281,branch_heavy,PC,1,True,9,315,train,1
928,282,branch_heavy,PC,0,False,-1,322,train,2
929,283,branch_heavy,PC,1,True,17,328,train,1
930,284,branch_heavy,PC,0,False,-1,342,train,2
931,285,branch_heavy,PC,1,False,-1,361,train,2
932,286,branch_heavy,PC,0,False,-1,368,train,2
933,287,branch_heavy,PC,1,False,-1,374,train,2
934,288,branch_heavy,PC,0,False,-1,381,train,2
935,289,branch_heavy,PC,1,False,-1,387,train,2
936,290,branch_heavy,PC,0,False,-1,244,val,2
937,291,branch_heavy,PC,1,False,-1,263,val,2
938,292,branch_heavy,PC,0,False,-1,133,test,2
939,293,branch_heavy,PC,1,False,-1,172,test,2
940,294,branch_heavy,PC,0,False,-1,204,test,2
941,295,branch_heavy,PC,1,False,-1,394,train,2
942,296,branch_heavy,PC,0,False,-1,400,train,2
943,297,branch_heavy,PC,1,False,-1,407,train,2
944,298,branch_heavy,PC,0,False,-1,413,train,2
945,299,branch_heavy,PC,1,False,-1,420,train,2
946,300,branch_heavy,IF,0,False,-1,335,test,2
947,301,branch_heavy,IF,1,False,-1,426,train,2
948,302,branch_heavy,IF,0,False,-1,440,train,2
949,303,branch_heavy,IF,1,False,-1,139,train,2
950,304,branch_heavy,IF,0,False,-1,146,train,2
951,305,branch_heavy,IF,1,False,-1,152,train,2
952,306,branch_heavy,IF,0,False,-1,165,train,2
953,307,branch_heavy,IF,1,False,-1,348,val,2
954,308,branch_heavy,IF,0,False,-1,178,train,2
955,309,branch_heavy,IF,1,False,-1,185,train,2
956,310,branch_heavy,IF,0,False,-1,120,val,2
957,311,branch_heavy,IF,1,False,-1,217,train,2
958,312,branch_heavy,IF,0,False,-1,159,val,2
959,313,branch_heavy,IF,1,False,-1,355,test,2
960,314,branch_heavy,IF,0,False,-1,224,train,2
961,315,branch_heavy,IF,1,False,-1,231,train,2
962,316,branch_heavy,IF,0,False,-1,237,train,2
963,317,branch_heavy,IF,1,False,-1,250,train,2
964,318,branch_heavy,IF,0,False,-1,257,train,2
965,319,branch_heavy,IF,1,False,-1,270,train,2
966,320,branch_heavy,IF,0,False,-1,191,val,2
967,321,branch_heavy,IF,1,False,-1,276,train,2
968,322,branch_heavy,IF,0,False,-1,283,train,2
969,323,branch_heavy,IF,1,False,-1,433,test,2
970,324,branch_heavy,IF,0,False,-1,126,test,2
971,325,branch_heavy,IF,1,False,-1,289,train,2
972,326,branch_heavy,IF,0,False,-1,198,val,2
973,327,branch_heavy,IF,1,False,-1,296,train,2
974,328,branch_heavy,IF,0,False,-1,302,train,2
975,329,branch_heavy,IF,1,False,-1,309,train,2
976,330,branch_heavy,IF,0,False,-1,315,train,2
977,331,branch_heavy,IF,1,False,-1,211,val,2
978,332,branch_heavy,IF,0,False,-1,322,train,2
979,333,branch_heavy,IF,1,False,-1,244,val,2
980,334,branch_heavy,IF,0,False,-1,328,train,2
981,335,branch_heavy,IF,1,False,-1,342,train,2
982,336,branch_heavy,IF,0,False,-1,361,train,2
983,337,branch_heavy,IF,1,False,-1,368,train,2
984,338,branch_heavy,IF,0,False,-1,374,train,2
985,339,branch_heavy,IF,1,False,-1,381,train,2
986,340,branch_heavy,IF,0,False,-1,387,train,2
987,341,branch_heavy,IF,1,False,-1,394,train,2
988,342,branch_heavy,IF,0,False,-1,400,train,2
989,343,branch_heavy,IF,1,False,-1,263,val,2
990,344,branch_heavy,IF,0,False,-1,407,train,2
991,345,branch_heavy,IF,1,False,-1,413,train,2
992,346,branch_heavy,IF,0,False,-1,420,train,2
993,347,branch_heavy,IF,1,False,-1,426,train,2
994,348,branch_heavy,IF,0,False,-1,440,train,2
995,349,branch_heavy,IF,1,False,-1,139,train,2
996,350,branch_heavy,IF,0,False,-1,146,train,2
997,351,branch_heavy,IF,1,False,-1,348,val,2
998,352,branch_heavy,IF,0,False,-1,152,train,2
999,353,branch_heavy,IF,1,False,-1,165,train,2
1000,354,branch_heavy,IF,0,False,-1,120,val,2
1001,355,branch_heavy,IF,1,False,-1,178,train,2
1002,356,branch_heavy,IF,0,False,-1,159,val,2
1003,357,branch_heavy,IF,1,False,-1,191,val,2
1004,358,branch_heavy,IF,0,False,-1,133,test,2
1005,359,branch_heavy,IF,1,False,-1,185,train,2
1006,360,branch_heavy,IF,0,False,-1,217,train,2
1007,361,branch_heavy,IF,1,False,-1,224,train,2
1008,362,branch_heavy,IF,0,False,-1,172,test,2
1009,363,branch_heavy,IF,1,False,-1,231,train,2
1010,364,branch_heavy,Control,0,False,-1,237,train,2
1011,365,branch_heavy,Control,1,True,0,250,train,1
1012,366,branch_heavy,Control,0,True,5,257,train,1
1013,367,branch_heavy,Control,1,True,5,204,test,1
1014,368,branch_heavy,Control,0,False,-1,270,train,2
1015,369,branch_heavy,Control,1,True,0,276,train,1
1016,370,branch_heavy,Control,0,False,-1,335,test,2
1017,371,branch_heavy,Control,1,True,2,198,val,1
1018,372,branch_heavy,Control,0,False,-1,283,train,2
1019,373,branch_heavy,Control,1,True,1,211,val,1
1020,374,branch_heavy,Control,0,False,-1,244,val,2
1021,375,branch_heavy,Control,1,False,-1,289,train,2
1022,376,branch_heavy,Control,0,False,-1,296,train,2
1023,377,branch_heavy,Control,1,False,-1,302,train,2
1024,378,branch_heavy,Control,0,False,-1,309,train,2
1025,379,branch_heavy,Control,1,True,10,315,train,1
1026,380,branch_heavy,Control,0,False,-1,263,val,2
1027,381,branch_heavy,Control,1,True,3,322,train,1
1028,382,branch_heavy,Control,0,True,19,328,train,1
1029,383,branch_heavy,Control,1,True,1,348,val,1
1030,384,branch_heavy,Control,0,False,-1,120,val,2
1031,385,branch_heavy,Control,1,True,1,342,train,1
1032,386,branch_heavy,Control,0,False,-1,361,train,2
1033,387,branch_heavy,Control,1,True,0,368,train,1
1034,388,branch_heavy,Control,0,False,-1,159,val,2
1035,389,branch_heavy,Control,1,False,-1,374,train,2
1036,390,branch_heavy,Control,0,False,-1,381,train,2
1037,391,branch_heavy,Control,1,False,-1,387,train,2
1038,392,branch_heavy,Control,0,False,-1,394,train,2
1039,393,branch_heavy,Control,1,False,-1,191,val,2
1040,394,branch_heavy,Control,0,False,-1,400,train,2
1041,395,branch_heavy,Control,1,False,-1,355,test,2
1042,396,branch_heavy,Control,0,False,-1,407,train,2
1043,397,branch_heavy,Control,1,False,-1,433,test,2
1044,398,branch_heavy,Control,0,False,-1,126,test,2
1045,399,branch_heavy,Control,1,False,-1,413,train,2
1046,400,branch_heavy,Control,0,False,-1,420,train,2
1047,401,branch_heavy,Control,1,False,-1,133,test,2
1048,402,branch_heavy,Control,0,False,-1,426,train,2
1049,403,branch_heavy,Control,1,False,-1,440,train,2
1050,404,branch_heavy,Control,0,False,-1,139,train,2
1051,405,branch_heavy,Control,1,False,-1,146,train,2
1052,406,branch_heavy,Control,0,False,-1,152,train,2
1053,407,branch_heavy,Control,1,False,-1,165,train,2
1054,408,branch_heavy,Control,0,False,-1,172,test,2
1055,409,branch_heavy,Control,1,False,-1,178,train,2
1056,410,branch_heavy,Control,0,False,-1,185,train,2
1057,411,branch_heavy,Control,1,False,-1,217,train,2
1058,412,branch_heavy,Control,0,False,-1,224,train,2
1059,413,branch_heavy,Control,1,True,22,231,train,1
1060,414,branch_heavy,Control,0,True,1,237,train,1
1061,415,branch_heavy,Control,1,False,-1,250,train,2
1062,416,branch_heavy,Control,0,True,1,257,train,1
1063,417,branch_heavy,Control,1,False,-1,270,train,2
1064,418,branch_heavy,Control,0,False,-1,276,train,2
1065,419,branch_heavy,Control,1,False,-1,198,val,2
1066,420,branch_heavy,Control,0,False,-1,283,train,2
1067,421,branch_heavy,Control,1,False,-1,289,train,2
1068,422,branch_heavy,Control,0,False,-1,296,train,2
1069,423,branch_heavy,Control,1,True,34,302,train,1
1070,424,branch_heavy,Control,0,False,-1,309,train,2
1071,425,branch_heavy,Control,1,False,-1,315,train,2
1072,426,branch_heavy,Control,0,False,-1,211,val,2
1073,427,branch_heavy,Control,1,True,1,322,train,1
1074,428,branch_heavy,Control,0,False,-1,328,train,2
1075,429,branch_heavy,Control,1,False,-1,244,val,2
1076,430,branch_heavy,Control,0,False,-1,342,train,2
1077,431,branch_heavy,Control,1,False,-1,361,train,2
1078,432,branch_heavy,Control,0,False,-1,263,val,2
1079,433,branch_heavy,Control,1,False,-1,368,train,2
1080,434,branch_heavy,Control,0,False,-1,374,train,2
1081,435,branch_heavy,Control,1,False,-1,381,train,2
1082,436,branch_heavy,Control,0,False,-1,387,train,2
1083,437,branch_heavy,Control,1,True,2,394,train,1
1084,438,branch_heavy,LSU,0,False,-1,400,train,2
1085,439,branch_heavy,LSU,1,True,1,407,train,1
1086,440,branch_heavy,LSU,0,False,-1,413,train,2
1087,441,branch_heavy,LSU,1,True,1,420,train,1
1088,442,branch_heavy,LSU,0,False,-1,348,val,2
1089,443,branch_heavy,LSU,1,False,-1,426,train,2
1090,444,branch_heavy,LSU,0,False,-1,440,train,2
1091,445,branch_heavy,LSU,1,False,-1,139,train,2
1092,446,branch_heavy,LSU,0,False,-1,146,train,2
1093,447,branch_heavy,LSU,1,False,-1,152,train,2
1094,448,branch_heavy,LSU,0,False,-1,120,val,2
1095,449,branch_heavy,LSU,1,False,-1,204,test,2
1096,450,branch_heavy,LSU,0,False,-1,165,train,2
1097,451,branch_heavy,LSU,1,False,-1,178,train,2
1098,452,branch_heavy,LSU,0,False,-1,185,train,2
1099,453,branch_heavy,LSU,1,False,-1,159,val,2
1100,454,branch_heavy,LSU,0,False,-1,217,train,2
1101,455,branch_heavy,LSU,1,False,-1,224,train,2
1102,456,branch_heavy,LSU,0,False,-1,335,test,2
1103,457,branch_heavy,LSU,1,False,-1,191,val,2
1104,458,branch_heavy,LSU,0,False,-1,198,val,2
1105,459,branch_heavy,LSU,1,False,-1,355,test,2
1106,460,branch_heavy,EX,0,False,-1,433,test,2
1107,461,branch_heavy,EX,1,False,-1,231,train,2
1108,462,branch_heavy,EX,0,False,-1,211,val,2
1109,463,branch_heavy,EX,1,False,-1,237,train,2
1110,464,branch_heavy,EX,0,False,-1,250,train,2
1111,465,branch_heavy,EX,1,False,-1,257,train,2
1112,466,branch_heavy,EX,0,False,-1,270,train,2
1113,467,branch_heavy,EX,1,False,-1,276,train,2
1114,468,branch_heavy,EX,0,False,-1,244,val,2
1115,469,branch_heavy,EX,1,False,-1,126,test,2
1116,470,branch_heavy,EX,0,False,-1,283,train,2
1117,471,branch_heavy,EX,1,False,-1,263,val,2
1118,472,branch_heavy,EX,0,False,-1,289,train,2
1119,473,branch_heavy,EX,1,False,-1,296,train,2
1120,474,branch_heavy,CSR,0,False,-1,302,train,2
1121,475,branch_heavy,CSR,1,False,-1,309,train,2
1122,476,branch_heavy,CSR,0,False,-1,315,train,2
1123,477,branch_heavy,CSR,1,False,-1,322,train,2
1124,478,branch_heavy,CSR,0,False,-1,328,train,2
1125,479,branch_heavy,CSR,1,False,-1,342,train,2
1126,480,branch_heavy,CSR,0,False,-1,361,train,2
1127,481,branch_heavy,CSR,1,False,-1,133,test,2
1128,482,branch_heavy,CSR,0,False,-1,368,train,2
1129,483,branch_heavy,CSR,1,False,-1,172,test,2
1130,484,branch_heavy,CSR,0,False,-1,374,train,2
1131,485,branch_heavy,CSR,1,False,-1,381,train,2
1132,486,branch_heavy,CSR,0,False,-1,204,test,2
1133,487,branch_heavy,CSR,1,False,-1,335,test,2
1134,488,branch_heavy,CSR,0,False,-1,387,train,2
1135,489,branch_heavy,CSR,1,False,-1,394,train,2
1136,490,branch_heavy,CSR,0,False,-1,348,val,2
1137,491,branch_heavy,CSR,1,False,-1,400,train,2
1138,492,branch_heavy,CSR,0,False,-1,407,train,2
1139,493,branch_heavy,CSR,1,False,-1,413,train,2
1140,494,branch_heavy,CSR,0,False,-1,120,val,2
1141,495,branch_heavy,CSR,1,False,-1,159,val,2
1142,0,mem_intensive,RegFile,0,False,-1,139,train,2
1143,1,mem_intensive,RegFile,1,False,-1,126,test,2
1144,2,mem_intensive,RegFile,0,False,-1,146,train,2
1145,3,mem_intensive,RegFile,1,False,-1,120,val,2
1146,4,mem_intensive,RegFile,0,False,-1,152,train,2
1147,5,mem_intensive,RegFile,1,False,-1,165,train,2
1148,6,mem_intensive,RegFile,0,False,-1,178,train,2
1149,7,mem_intensive,RegFile,1,False,-1,185,train,2
1150,8,mem_intensive,RegFile,0,False,-1,133,test,2
1151,9,mem_intensive,RegFile,1,False,-1,217,train,2
1152,10,mem_intensive,RegFile,0,False,-1,224,train,2
1153,11,mem_intensive,RegFile,1,False,-1,231,train,2
1154,12,mem_intensive,RegFile,0,False,-1,237,train,2
1155,13,mem_intensive,RegFile,1,False,-1,172,test,2
1156,14,mem_intensive,RegFile,0,False,-1,204,test,2
1157,15,mem_intensive,RegFile,1,False,-1,250,train,2
1158,16,mem_intensive,RegFile,0,False,-1,257,train,2
1159,17,mem_intensive,RegFile,1,False,-1,270,train,2
1160,18,mem_intensive,RegFile,0,False,-1,276,train,2
1161,19,mem_intensive,RegFile,1,False,-1,283,train,2
1162,20,mem_intensive,RegFile,0,False,-1,159,val,2
1163,21,mem_intensive,RegFile,1,False,-1,335,test,2
1164,22,mem_intensive,RegFile,0,False,-1,289,train,2
1165,23,mem_intensive,RegFile,1,False,-1,191,val,2
1166,24,mem_intensive,RegFile,0,False,-1,296,train,2
1167,25,mem_intensive,RegFile,1,False,-1,302,train,2
1168,26,mem_intensive,RegFile,0,False,-1,309,train,2
1169,27,mem_intensive,RegFile,1,False,-1,315,train,2
1170,28,mem_intensive,RegFile,0,False,-1,322,train,2
1171,29,mem_intensive,RegFile,1,False,-1,328,train,2
1172,30,mem_intensive,RegFile,0,False,-1,342,train,2
1173,31,mem_intensive,RegFile,1,False,-1,361,train,2
1174,32,mem_intensive,RegFile,0,False,-1,368,train,2
1175,33,mem_intensive,RegFile,1,False,-1,374,train,2
1176,34,mem_intensive,RegFile,0,False,-1,198,val,2
1177,35,mem_intensive,RegFile,1,False,-1,381,train,2
1178,36,mem_intensive,RegFile,0,False,-1,387,train,2
1179,37,mem_intensive,RegFile,1,False,-1,394,train,2
1180,38,mem_intensive,RegFile,0,False,-1,400,train,2
1181,39,mem_intensive,RegFile,1,False,-1,211,val,2
1182,40,mem_intensive,RegFile,0,False,-1,244,val,2
1183,41,mem_intensive,RegFile,1,False,-1,407,train,2
1184,42,mem_intensive,RegFile,0,False,-1,413,train,2
1185,43,mem_intensive,RegFile,1,False,-1,263,val,2
1186,44,mem_intensive,RegFile,0,False,-1,355,test,2
1187,45,mem_intensive,RegFile,1,False,-1,420,train,2
1188,46,mem_intensive,RegFile,0,False,-1,426,train,2
1189,47,mem_intensive,RegFile,1,False,-1,433,test,2
1190,48,mem_intensive,RegFile,0,False,-1,126,test,2
1191,49,mem_intensive,RegFile,1,False,-1,133,test,2
1192,50,mem_intensive,RegFile,0,False,-1,348,val,2
1193,51,mem_intensive,RegFile,1,False,-1,440,train,2
1194,52,mem_intensive,RegFile,0,False,-1,120,val,2
1195,53,mem_intensive,RegFile,1,False,-1,172,test,2
1196,54,mem_intensive,RegFile,0,False,-1,159,val,2
1197,55,mem_intensive,RegFile,1,False,-1,139,train,2
1198,56,mem_intensive,RegFile,0,False,-1,146,train,2
1199,57,mem_intensive,RegFile,1,False,-1,152,train,2
1200,58,mem_intensive,RegFile,0,False,-1,204,test,2
1201,59,mem_intensive,RegFile,1,False,-1,165,train,2
1202,60,mem_intensive,RegFile,0,False,-1,178,train,2
1203,61,mem_intensive,RegFile,1,False,-1,185,train,2
1204,62,mem_intensive,RegFile,0,False,-1,335,test,2
1205,63,mem_intensive,RegFile,1,False,-1,217,train,2
1206,64,mem_intensive,RegFile,0,False,-1,191,val,2
1207,65,mem_intensive,RegFile,1,False,-1,224,train,2
1208,66,mem_intensive,RegFile,0,False,-1,231,train,2
1209,67,mem_intensive,RegFile,1,False,-1,237,train,2
1210,68,mem_intensive,RegFile,0,False,-1,250,train,2
1211,69,mem_intensive,RegFile,1,False,-1,257,train,2
1212,70,mem_intensive,RegFile,0,False,-1,355,test,2
1213,71,mem_intensive,RegFile,1,False,-1,198,val,2
1214,72,mem_intensive,RegFile,0,False,-1,270,train,2
1215,73,mem_intensive,RegFile,1,False,-1,276,train,2
1216,74,mem_intensive,RegFile,0,False,-1,283,train,2
1217,75,mem_intensive,RegFile,1,False,-1,289,train,2
1218,76,mem_intensive,RegFile,0,False,-1,296,train,2
1219,77,mem_intensive,RegFile,1,False,-1,302,train,2
1220,78,mem_intensive,RegFile,0,False,-1,309,train,2
1221,79,mem_intensive,RegFile,1,False,-1,315,train,2
1222,80,mem_intensive,RegFile,0,False,-1,433,test,2
1223,81,mem_intensive,RegFile,1,False,-1,126,test,2
1224,82,mem_intensive,RegFile,0,False,-1,322,train,2
1225,83,mem_intensive,RegFile,1,False,-1,328,train,2
1226,84,mem_intensive,RegFile,0,False,-1,342,train,2
1227,85,mem_intensive,RegFile,1,False,-1,361,train,2
1228,86,mem_intensive,RegFile,0,False,-1,368,train,2
1229,87,mem_intensive,RegFile,1,False,-1,211,val,2
1230,88,mem_intensive,RegFile,0,False,-1,244,val,2
1231,89,mem_intensive,RegFile,1,False,-1,374,train,2
1232,90,mem_intensive,RegFile,0,False,-1,381,train,2
1233,91,mem_intensive,RegFile,1,False,-1,263,val,2
1234,92,mem_intensive,RegFile,0,False,-1,387,train,2
1235,93,mem_intensive,RegFile,1,False,-1,394,train,2
1236,94,mem_intensive,RegFile,0,False,-1,348,val,2
1237,95,mem_intensive,RegFile,1,False,-1,400,train,2
1238,96,mem_intensive,RegFile,0,False,-1,407,train,2
1239,97,mem_intensive,RegFile,1,False,-1,413,train,2
1240,98,mem_intensive,RegFile,0,False,-1,420,train,2
1241,99,mem_intensive,RegFile,1,False,-1,133,test,2
1242,100,mem_intensive,RegFile,0,False,-1,426,train,2
1243,101,mem_intensive,RegFile,1,False,-1,440,train,2
1244,102,mem_intensive,RegFile,0,False,-1,172,test,2
1245,103,mem_intensive,RegFile,1,False,-1,139,train,2
1246,104,mem_intensive,RegFile,0,False,-1,146,train,2
1247,105,mem_intensive,RegFile,1,False,-1,120,val,2
1248,106,mem_intensive,RegFile,0,False,-1,159,val,2
1249,107,mem_intensive,RegFile,1,False,-1,152,train,2
1250,108,mem_intensive,RegFile,0,False,-1,165,train,2
1251,109,mem_intensive,RegFile,1,False,-1,178,train,2
1252,110,mem_intensive,RegFile,0,False,-1,191,val,2
1253,111,mem_intensive,RegFile,1,False,-1,185,train,2
1254,112,mem_intensive,RegFile,0,False,-1,217,train,2
1255,113,mem_intensive,RegFile,1,False,-1,224,train,2
1256,114,mem_intensive,RegFile,0,False,-1,231,train,2
1257,115,mem_intensive,RegFile,1,False,-1,237,train,2
1258,116,mem_intensive,RegFile,0,False,-1,250,train,2
1259,117,mem_intensive,RegFile,1,False,-1,257,train,2
1260,118,mem_intensive,RegFile,0,False,-1,270,train,2
1261,119,mem_intensive,RegFile,1,False,-1,276,train,2
1262,120,mem_intensive,RegFile,0,False,-1,283,train,2
1263,121,mem_intensive,RegFile,1,False,-1,198,val,2
1264,122,mem_intensive,RegFile,0,False,-1,289,train,2
1265,123,mem_intensive,RegFile,1,False,-1,204,test,2
1266,124,mem_intensive,RegFile,0,False,-1,296,train,2
1267,125,mem_intensive,RegFile,1,False,-1,302,train,2
1268,126,mem_intensive,RegFile,0,False,-1,309,train,2
1269,127,mem_intensive,RegFile,1,False,-1,315,train,2
1270,128,mem_intensive,RegFile,0,False,-1,335,test,2
1271,129,mem_intensive,RegFile,1,False,-1,322,train,2
1272,130,mem_intensive,RegFile,0,False,-1,211,val,2
1273,131,mem_intensive,RegFile,1,False,-1,328,train,2
1274,132,mem_intensive,RegFile,0,False,-1,342,train,2
1275,133,mem_intensive,RegFile,1,False,-1,361,train,2
1276,134,mem_intensive,RegFile,0,False,-1,355,test,2
1277,135,mem_intensive,RegFile,1,False,-1,433,test,2
1278,136,mem_intensive,RegFile,0,False,-1,368,train,2
1279,137,mem_intensive,RegFile,1,False,-1,374,train,2
1280,138,mem_intensive,RegFile,0,False,-1,244,val,2
1281,139,mem_intensive,RegFile,1,False,-1,381,train,2
1282,140,mem_intensive,RegFile,0,False,-1,387,train,2
1283,141,mem_intensive,RegFile,1,False,-1,394,train,2
1284,142,mem_intensive,RegFile,0,False,-1,400,train,2
1285,143,mem_intensive,RegFile,1,False,-1,407,train,2
1286,144,mem_intensive,RegFile,0,False,-1,413,train,2
1287,145,mem_intensive,RegFile,1,False,-1,126,test,2
1288,146,mem_intensive,RegFile,0,False,-1,420,train,2
1289,147,mem_intensive,RegFile,1,False,-1,426,train,2
1290,148,mem_intensive,RegFile,0,False,-1,440,train,2
1291,149,mem_intensive,RegFile,1,False,-1,133,test,2
1292,150,mem_intensive,RegFile,0,False,-1,139,train,2
1293,151,mem_intensive,RegFile,1,False,-1,172,test,2
1294,152,mem_intensive,RegFile,0,False,-1,146,train,2
1295,153,mem_intensive,RegFile,1,False,-1,204,test,2
1296,154,mem_intensive,RegFile,0,False,-1,152,train,2
1297,155,mem_intensive,RegFile,1,False,-1,165,train,2
1298,156,mem_intensive,RegFile,0,False,-1,335,test,2
1299,157,mem_intensive,RegFile,1,False,-1,178,train,2
1300,158,mem_intensive,RegFile,0,False,-1,185,train,2
1301,159,mem_intensive,RegFile,1,False,-1,217,train,2
1302,160,mem_intensive,RegFile,0,False,-1,355,test,2
1303,161,mem_intensive,RegFile,1,False,-1,433,test,2
1304,162,mem_intensive,RegFile,0,False,-1,224,train,2
1305,163,mem_intensive,RegFile,1,True,4,231,train,1
1306,164,mem_intensive,RegFile,0,False,-1,237,train,2
1307,165,mem_intensive,RegFile,1,True,3,126,test,1
1308,166,mem_intensive,RegFile,0,False,-1,250,train,2
1309,167,mem_intensive,RegFile,1,True,4,263,val,1
1310,168,mem_intensive,RegFile,0,False,-1,257,train,2
1311,169,mem_intensive,RegFile,1,True,5,270,train,1
1312,170,mem_intensive,RegFile,0,True,7,276,train,1
1313,171,mem_intensive,RegFile,1,False,-1,283,train,2
1314,172,mem_intensive,RegFile,0,False,-1,289,train,2
1315,173,mem_intensive,RegFile,1,True,7,296,train,1
1316,174,mem_intensive,RegFile,0,False,-1,348,val,2
1317,175,mem_intensive,RegFile,1,True,10,302,train,1
1318,176,mem_intensive,RegFile,0,False,-1,309,train,2
1319,177,mem_intensive,RegFile,1,True,6,315,train,1
1320,178,mem_intensive,RegFile,0,False,-1,120,val,2
1321,179,mem_intensive,RegFile,1,True,5,133,test,1
1322,180,mem_intensive,RegFile,0,False,-1,322,train,2
1323,181,mem_intensive,RegFile,1,False,-1,328,train,2
1324,182,mem_intensive,RegFile,0,False,-1,342,train,2
1325,183,mem_intensive,RegFile,1,False,-1,172,test,2
1326,184,mem_intensive,RegFile,0,False,-1,159,val,2
1327,185,mem_intensive,RegFile,1,False,-1,361,train,2
1328,186,mem_intensive,RegFile,0,False,-1,368,train,2
1329,187,mem_intensive,RegFile,1,False,-1,191,val,2
1330,188,mem_intensive,RegFile,0,False,-1,374,train,2
1331,189,mem_intensive,RegFile,1,False,-1,204,test,2
1332,190,mem_intensive,RegFile,0,False,-1,198,val,2
1333,191,mem_intensive,RegFile,1,False,-1,335,test,2
1334,192,mem_intensive,RegFile,0,False,-1,355,test,2
1335,193,mem_intensive,RegFile,1,False,-1,381,train,2
1336,194,mem_intensive,RegFile,0,False,-1,387,train,2
1337,195,mem_intensive,RegFile,1,False,-1,433,test,2
1338,196,mem_intensive,RegFile,0,False,-1,126,test,2
1339,197,mem_intensive,RegFile,1,False,-1,394,train,2
1340,198,mem_intensive,RegFile,0,True,45,133,test,1
1341,199,mem_intensive,RegFile,1,True,35,400,train,1
1342,200,mem_intensive,RegFile,0,True,44,407,train,1
1343,201,mem_intensive,RegFile,1,True,7,211,val,1
1344,202,mem_intensive,RegFile,0,True,22,172,test,1
1345,203,mem_intensive,RegFile,1,True,54,204,test,1
1346,204,mem_intensive,RegFile,0,True,22,413,train,1
1347,205,mem_intensive,RegFile,1,True,132,335,test,1
1348,206,mem_intensive,RegFile,0,True,15,420,train,1
1349,207,mem_intensive,RegFile,1,True,41,426,train,1
1350,208,mem_intensive,RegFile,0,True,3,440,train,1
1351,209,mem_intensive,RegFile,1,True,14,244,val,1
1352,210,mem_intensive,RegFile,0,True,119,139,train,1
1353,211,mem_intensive,RegFile,1,True,16,146,train,1
1354,212,mem_intensive,RegFile,0,True,204,263,val,1
1355,213,mem_intensive,RegFile,1,True,10,152,train,1
1356,214,mem_intensive,RegFile,0,False,-1,165,train,2
1357,215,mem_intensive,RegFile,1,True,87,348,val,1
1358,216,mem_intensive,RegFile,0,True,170,120,val,1
1359,217,mem_intensive,RegFile,1,True,208,355,test,1
1360,218,mem_intensive,RegFile,0,True,385,178,train,1
1361,219,mem_intensive,RegFile,1,True,99,185,train,1
1362,220,mem_intensive,RegFile,0,False,-1,217,train,2
1363,221,mem_intensive,RegFile,1,True,124,433,test,1
1364,222,mem_intensive,RegFile,0,False,-1,224,train,2
1365,223,mem_intensive,RegFile,1,True,53,231,train,1
1366,224,mem_intensive,RegFile,0,False,-1,159,val,2
1367,225,mem_intensive,RegFile,1,True,93,191,val,1
1368,226,mem_intensive,RegFile,0,False,-1,237,train,2
1369,227,mem_intensive,RegFile,1,True,8,126,test,1
1370,228,mem_intensive,RegFile,0,False,-1,250,train,2
1371,229,mem_intensive,RegFile,1,True,10,133,test,1
1372,230,mem_intensive,RegFile,0,False,-1,198,val,2
1373,231,mem_intensive,RegFile,1,True,27,257,train,1
1374,232,mem_intensive,RegFile,0,False,-1,270,train,2
1375,233,mem_intensive,RegFile,1,True,8,276,train,1
1376,234,mem_intensive,RegFile,0,False,-1,283,train,2
1377,235,mem_intensive,RegFile,1,True,2,289,train,1
1378,236,mem_intensive,RegFile,0,False,-1,296,train,2
1379,237,mem_intensive,RegFile,1,True,3,172,test,1
1380,238,mem_intensive,RegFile,0,True,7,302,train,1
1381,239,mem_intensive,RegFile,1,False,-1,309,train,2
1382,240,mem_intensive,RegFile,0,True,3,315,train,1
1383,241,mem_intensive,RegFile,1,False,-1,322,train,2
1384,242,mem_intensive,RegFile,0,False,-1,328,train,2
1385,243,mem_intensive,RegFile,1,True,3,342,train,1
1386,244,mem_intensive,RegFile,0,True,2,361,train,1
1387,245,mem_intensive,RegFile,1,False,-1,368,train,2
1388,246,mem_intensive,RegFile,0,True,7,374,train,1
1389,247,mem_intensive,RegFile,1,False,-1,381,train,2
1390,248,mem_intensive,RegFile,0,False,-1,387,train,2
1391,249,mem_intensive,RegFile,1,True,5,394,train,1
1392,250,mem_intensive,RegFile,0,True,8,400,train,1
1393,251,mem_intensive,RegFile,1,False,-1,407,train,2
1394,252,mem_intensive,PC,0,False,-1,413,train,2
1395,253,mem_intensive,PC,1,True,9,420,train,1
1396,254,mem_intensive,PC,0,False,-1,426,train,2
1397,255,mem_intensive,PC,1,True,136,440,train,1
1398,256,mem_intensive,PC,0,False,-1,139,train,2
1399,257,mem_intensive,PC,1,True,10,146,train,1
1400,258,mem_intensive,PC,0,True,99,204,test,1
1401,259,mem_intensive,PC,1,False,-1,152,train,2
1402,260,mem_intensive,PC,0,False,-1,211,val,2
1403,261,mem_intensive,PC,1,True,138,165,train,1
1404,262,mem_intensive,PC,0,False,-1,178,train,2
1405,263,mem_intensive,PC,1,True,118,185,train,1
1406,264,mem_intensive,PC,0,False,-1,217,train,2
1407,265,mem_intensive,PC,1,True,79,224,train,1
1408,266,mem_intensive,PC,0,False,-1,231,train,2
1409,267,mem_intensive,PC,1,True,66,237,train,1
1410,268,mem_intensive,PC,0,True,6,250,train,1
1411,269,mem_intensive,PC,1,True,1,257,train,1
1412,270,mem_intensive,PC,0,True,95,335,test,1
1413,271,mem_intensive,PC,1,True,2,270,train,1
1414,272,mem_intensive,PC,0,True,8,355,test,1
1415,273,mem_intensive,PC,1,True,4,276,train,1
1416,274,mem_intensive,PC,0,True,131,433,test,1
1417,275,mem_intensive,PC,1,True,150,283,train,1
1418,276,mem_intensive,PC,0,True,34,126,test,1
1419,277,mem_intensive,PC,1,True,2,289,train,1
1420,278,mem_intensive,PC,0,False,-1,296,train,2
1421,279,mem_intensive,PC,1,True,7,302,train,1
1422,280,mem_intensive,PC,0,False,-1,309,train,2
1423,281,mem_intensive,PC,1,True,3,315,train,1
1424,282,mem_intensive,PC,0,False,-1,322,train,2
1425,283,mem_intensive,PC,1,True,8,328,train,1
1426,284,mem_intensive,PC,0,False,-1,342,train,2
1427,285,mem_intensive,PC,1,False,-1,361,train,2
1428,286,mem_intensive,PC,0,False,-1,368,train,2
1429,287,mem_intensive,PC,1,False,-1,374,train,2
1430,288,mem_intensive,PC,0,False,-1,381,train,2
1431,289,mem_intensive,PC,1,False,-1,387,train,2
1432,290,mem_intensive,PC,0,False,-1,244,val,2
1433,291,mem_intensive,PC,1,False,-1,263,val,2
1434,292,mem_intensive,PC,0,False,-1,133,test,2
1435,293,mem_intensive,PC,1,False,-1,172,test,2
1436,294,mem_intensive,PC,0,False,-1,204,test,2
1437,295,mem_intensive,PC,1,False,-1,394,train,2
1438,296,mem_intensive,PC,0,False,-1,400,train,2
1439,297,mem_intensive,PC,1,False,-1,407,train,2
1440,298,mem_intensive,PC,0,False,-1,413,train,2
1441,299,mem_intensive,PC,1,False,-1,420,train,2
1442,300,mem_intensive,IF,0,True,101,335,test,1
1443,301,mem_intensive,IF,1,True,10,426,train,1
1444,302,mem_intensive,IF,0,True,4,440,train,1
1445,303,mem_intensive,IF,1,True,24,139,train,1
1446,304,mem_intensive,IF,0,True,17,146,train,1
1447,305,mem_intensive,IF,1,True,11,152,train,1
1448,306,mem_intensive,IF,0,True,6,165,train,1
1449,307,mem_intensive,IF,1,True,88,348,val,1
1450,308,mem_intensive,IF,0,True,9,178,train,1
1451,309,mem_intensive,IF,1,True,10,185,train,1
1452,310,mem_intensive,IF,0,True,43,120,val,1
1453,311,mem_intensive,IF,1,True,10,217,train,1
1454,312,mem_intensive,IF,0,True,4,159,val,1
1455,313,mem_intensive,IF,1,True,81,355,test,1
1456,314,mem_intensive,IF,0,True,3,224,train,1
1457,315,mem_intensive,IF,1,True,4,231,train,1
1458,316,mem_intensive,IF,0,True,6,237,train,1
1459,317,mem_intensive,IF,1,True,9,250,train,1
1460,318,mem_intensive,IF,0,True,10,257,train,1
1461,319,mem_intensive,IF,1,True,5,270,train,1
1462,320,mem_intensive,IF,0,True,4,191,val,1
1463,321,mem_intensive,IF,1,True,7,276,train,1
1464,322,mem_intensive,IF,0,True,153,283,train,1
1465,323,mem_intensive,IF,1,True,3,433,test,1
1466,324,mem_intensive,IF,0,True,37,126,test,1
1467,325,mem_intensive,IF,1,True,147,289,train,1
1468,326,mem_intensive,IF,0,True,5,198,val,1
1469,327,mem_intensive,IF,1,True,140,296,train,1
1470,328,mem_intensive,IF,0,True,134,302,train,1
1471,329,mem_intensive,IF,1,True,127,309,train,1
1472,330,mem_intensive,IF,0,True,121,315,train,1
1473,331,mem_intensive,IF,1,True,8,211,val,1
1474,332,mem_intensive,IF,0,True,114,322,train,1
1475,333,mem_intensive,IF,1,True,7,244,val,1
1476,334,mem_intensive,IF,0,True,108,328,train,1
1477,335,mem_intensive,IF,1,True,94,342,train,1
1478,336,mem_intensive,IF,0,True,75,361,train,1
1479,337,mem_intensive,IF,1,True,68,368,train,1
1480,338,mem_intensive,IF,0,True,62,374,train,1
1481,339,mem_intensive,IF,1,True,55,381,train,1
1482,340,mem_intensive,IF,0,True,49,387,train,1
1483,341,mem_intensive,IF,1,True,42,394,train,1
1484,342,mem_intensive,IF,0,True,36,400,train,1
1485,343,mem_intensive,IF,1,True,4,263,val,1
1486,344,mem_intensive,IF,0,True,29,407,train,1
1487,345,mem_intensive,IF,1,True,23,413,train,1
1488,346,mem_intensive,IF,0,True,16,420,train,1
1489,347,mem_intensive,IF,1,True,10,426,train,1
1490,348,mem_intensive,IF,0,True,4,440,train,1
1491,349,mem_intensive,IF,1,True,24,139,train,1
1492,350,mem_intensive,IF,0,True,17,146,train,1
1493,351,mem_intensive,IF,1,True,88,348,val,1
1494,352,mem_intensive,IF,0,True,11,152,train,1
1495,353,mem_intensive,IF,1,True,6,165,train,1
1496,354,mem_intensive,IF,0,True,43,120,val,1
1497,355,mem_intensive,IF,1,True,9,178,train,1
1498,356,mem_intensive,IF,0,True,4,159,val,1
1499,357,mem_intensive,IF,1,True,4,191,val,1
1500,358,mem_intensive,IF,0,True,30,133,test,1
1501,359,mem_intensive,IF,1,True,10,185,train,1
1502,360,mem_intensive,IF,0,True,10,217,train,1
1503,361,mem_intensive,IF,1,True,3,224,train,1
1504,362,mem_intensive,IF,0,True,7,172,test,1
1505,363,mem_intensive,IF,1,True,4,231,train,1
1506,364,mem_intensive,Control,0,False,-1,237,train,2
1507,365,mem_intensive,Control,1,True,0,250,train,1
1508,366,mem_intensive,Control,0,True,0,257,train,1
1509,367,mem_intensive,Control,1,True,4,204,test,1
1510,368,mem_intensive,Control,0,False,-1,270,train,2
1511,369,mem_intensive,Control,1,True,0,276,train,1
1512,370,mem_intensive,Control,0,False,-1,335,test,2
1513,371,mem_intensive,Control,1,True,1,198,val,1
1514,372,mem_intensive,Control,0,False,-1,283,train,2
1515,373,mem_intensive,Control,1,True,3,211,val,1
1516,374,mem_intensive,Control,0,False,-1,244,val,2
1517,375,mem_intensive,Control,1,False,-1,289,train,2
1518,376,mem_intensive,Control,0,False,-1,296,train,2
1519,377,mem_intensive,Control,1,False,-1,302,train,2
1520,378,mem_intensive,Control,0,True,127,309,train,1
1521,379,mem_intensive,Control,1,True,4,315,train,1
1522,380,mem_intensive,Control,0,True,30,263,val,1
1523,381,mem_intensive,Control,1,True,6,322,train,1
1524,382,mem_intensive,Control,0,True,10,328,train,1
1525,383,mem_intensive,Control,1,True,2,348,val,1
1526,384,mem_intensive,Control,0,False,-1,120,val,2
1527,385,mem_intensive,Control,1,True,1,342,train,1
1528,386,mem_intensive,Control,0,False,-1,361,train,2
1529,387,mem_intensive,Control,1,True,0,368,train,1
1530,388,mem_intensive,Control,0,False,-1,159,val,2
1531,389,mem_intensive,Control,1,False,-1,374,train,2
1532,390,mem_intensive,Control,0,False,-1,381,train,2
1533,391,mem_intensive,Control,1,False,-1,387,train,2
1534,392,mem_intensive,Control,0,False,-1,394,train,2
1535,393,mem_intensive,Control,1,False,-1,191,val,2
1536,394,mem_intensive,Control,0,False,-1,400,train,2
1537,395,mem_intensive,Control,1,False,-1,355,test,2
1538,396,mem_intensive,Control,0,False,-1,407,train,2
1539,397,mem_intensive,Control,1,False,-1,433,test,2
1540,398,mem_intensive,Control,0,False,-1,126,test,2
1541,399,mem_intensive,Control,1,False,-1,413,train,2
1542,400,mem_intensive,Control,0,False,-1,420,train,2
1543,401,mem_intensive,Control,1,False,-1,133,test,2
1544,402,mem_intensive,Control,0,False,-1,426,train,2
1545,403,mem_intensive,Control,1,False,-1,440,train,2
1546,404,mem_intensive,Control,0,False,-1,139,train,2
1547,405,mem_intensive,Control,1,False,-1,146,train,2
1548,406,mem_intensive,Control,0,False,-1,152,train,2
1549,407,mem_intensive,Control,1,False,-1,165,train,2
1550,408,mem_intensive,Control,0,False,-1,172,test,2
1551,409,mem_intensive,Control,1,False,-1,178,train,2
1552,410,mem_intensive,Control,0,False,-1,185,train,2
1553,411,mem_intensive,Control,1,False,-1,217,train,2
1554,412,mem_intensive,Control,0,False,-1,224,train,2
1555,413,mem_intensive,Control,1,True,12,231,train,1
1556,414,mem_intensive,Control,0,True,1,237,train,1
1557,415,mem_intensive,Control,1,False,-1,250,train,2
1558,416,mem_intensive,Control,0,True,1,257,train,1
1559,417,mem_intensive,Control,1,False,-1,270,train,2
1560,418,mem_intensive,Control,0,False,-1,276,train,2
1561,419,mem_intensive,Control,1,False,-1,198,val,2
1562,420,mem_intensive,Control,0,False,-1,283,train,2
1563,421,mem_intensive,Control,1,False,-1,289,train,2
1564,422,mem_intensive,Control,0,False,-1,296,train,2
1565,423,mem_intensive,Control,1,False,-1,302,train,2
1566,424,mem_intensive,Control,0,False,-1,309,train,2
1567,425,mem_intensive,Control,1,False,-1,315,train,2
1568,426,mem_intensive,Control,0,False,-1,211,val,2
1569,427,mem_intensive,Control,1,True,1,322,train,1
1570,428,mem_intensive,Control,0,False,-1,328,train,2
1571,429,mem_intensive,Control,1,False,-1,244,val,2
1572,430,mem_intensive,Control,0,False,-1,342,train,2
1573,431,mem_intensive,Control,1,False,-1,361,train,2
1574,432,mem_intensive,Control,0,False,-1,263,val,2
1575,433,mem_intensive,Control,1,False,-1,368,train,2
1576,434,mem_intensive,Control,0,False,-1,374,train,2
1577,435,mem_intensive,Control,1,False,-1,381,train,2
1578,436,mem_intensive,Control,0,False,-1,387,train,2
1579,437,mem_intensive,Control,1,True,3,394,train,1
1580,438,mem_intensive,LSU,0,True,4,400,train,1
1581,439,mem_intensive,LSU,1,True,1,407,train,1
1582,440,mem_intensive,LSU,0,False,-1,413,train,2
1583,441,mem_intensive,LSU,1,True,2,420,train,1
1584,442,mem_intensive,LSU,0,False,-1,348,val,2
1585,443,mem_intensive,LSU,1,False,-1,426,train,2
1586,444,mem_intensive,LSU,0,False,-1,440,train,2
1587,445,mem_intensive,LSU,1,False,-1,139,train,2
1588,446,mem_intensive,LSU,0,False,-1,146,train,2
1589,447,mem_intensive,LSU,1,True,18,152,train,1
1590,448,mem_intensive,LSU,0,False,-1,120,val,2
1591,449,mem_intensive,LSU,1,True,6,204,test,1
1592,450,mem_intensive,LSU,0,False,-1,165,train,2
1593,451,mem_intensive,LSU,1,False,-1,178,train,2
1594,452,mem_intensive,LSU,0,False,-1,185,train,2
1595,453,mem_intensive,LSU,1,False,-1,159,val,2
1596,454,mem_intensive,LSU,0,False,-1,217,train,2
1597,455,mem_intensive,LSU,1,False,-1,224,train,2
1598,456,mem_intensive,LSU,0,False,-1,335,test,2
1599,457,mem_intensive,LSU,1,False,-1,191,val,2
1600,458,mem_intensive,LSU,0,False,-1,198,val,2
1601,459,mem_intensive,LSU,1,False,-1,355,test,2
1602,460,mem_intensive,EX,0,False,-1,433,test,2
1603,461,mem_intensive,EX,1,False,-1,231,train,2
1604,462,mem_intensive,EX,0,False,-1,211,val,2
1605,463,mem_intensive,EX,1,False,-1,237,train,2
1606,464,mem_intensive,EX,0,False,-1,250,train,2
1607,465,mem_intensive,EX,1,False,-1,257,train,2
1608,466,mem_intensive,EX,0,False,-1,270,train,2
1609,467,mem_intensive,EX,1,False,-1,276,train,2
1610,468,mem_intensive,EX,0,False,-1,244,val,2
1611,469,mem_intensive,EX,1,False,-1,126,test,2
1612,470,mem_intensive,EX,0,False,-1,283,train,2
1613,471,mem_intensive,EX,1,False,-1,263,val,2
1614,472,mem_intensive,EX,0,False,-1,289,train,2
1615,473,mem_intensive,EX,1,False,-1,296,train,2
1616,474,mem_intensive,CSR,0,False,-1,302,train,2
1617,475,mem_intensive,CSR,1,False,-1,309,train,2
1618,476,mem_intensive,CSR,0,False,-1,315,train,2
1619,477,mem_intensive,CSR,1,False,-1,322,train,2
1620,478,mem_intensive,CSR,0,False,-1,328,train,2
1621,479,mem_intensive,CSR,1,False,-1,342,train,2
1622,480,mem_intensive,CSR,0,False,-1,361,train,2
1623,481,mem_intensive,CSR,1,False,-1,133,test,2
1624,482,mem_intensive,CSR,0,False,-1,368,train,2
1625,483,mem_intensive,CSR,1,False,-1,172,test,2
1626,484,mem_intensive,CSR,0,False,-1,374,train,2
1627,485,mem_intensive,CSR,1,False,-1,381,train,2
1628,486,mem_intensive,CSR,0,False,-1,204,test,2
1629,487,mem_intensive,CSR,1,False,-1,335,test,2
1630,488,mem_intensive,CSR,0,False,-1,387,train,2
1631,489,mem_intensive,CSR,1,False,-1,394,train,2
1632,490,mem_intensive,CSR,0,False,-1,348,val,2
1633,491,mem_intensive,CSR,1,False,-1,400,train,2
1634,492,mem_intensive,CSR,0,False,-1,407,train,2
1635,493,mem_intensive,CSR,1,False,-1,413,train,2
1636,494,mem_intensive,CSR,0,False,-1,120,val,2
1637,495,mem_intensive,CSR,1,False,-1,159,val,2
